26885,2019-12-13,99579,478,Signing
26886,2019-12-13,142424,496,1950,Transfer
26887,2019-12-13,106741,217,Signing
26888,2019-12-13,29562,704,694,Transfer
26889,2019-12-13,54218,42,Signing
26890,2019-12-13,128598,1781,Signing
26891,2019-12-13,117,1130,1451,Transfer
26892,2019-12-13,58235,1130,1451,Transfer
26893,2019-12-13,106318,1729,1130,Transfer
26894,2019-12-13,10438,1451,1130,Transfer
26895,2019-12-13,4179,71,Signing
26896,2019-12-13,25183,45,Signing
26897,2019-12-13,26981,481,1781,Transfer
26898,2019-12-13,28014,802,1694,Transfer
26899,2019-12-13,41637,1864,787,Transfer
26900,2019-12-13,30598,731,Signing
26901,2019-12-13,1659,1371,Signing
26902,2019-12-12,8070,448,Exit
26903,2019-12-12,54572,168,791,Transfer
26904,2019-12-12,42078,194,Exit
26905,2019-12-12,1652,1773,Signing
26906,2019-12-12,71783,222,Signing
26907,2019-12-12,4203,807,Signing
26908,2019-12-12,16399,264,Signing
26909,2019-12-12,81582,2024,69,Transfer
26910,2019-12-12,81903,1641,452,Transfer
26911,2019-12-12,23935,834,Signing
26912,2019-12-12,54285,548,1051,Transfer
26913,2019-12-12,14479,382,194,Transfer
26914,2019-12-11,84043,2136,Signing
26915,2019-12-11,60783,164,649,Transfer
26916,2019-12-11,83379,539,Signing
26917,2019-12-11,2279,165,Signing
26918,2019-12-11,26970,450,689,Transfer
26919,2019-12-11,47792,913,Signing
26920,2019-12-11,25784,398,Signing
26921,2019-12-11,109618,955,956,Transfer
26922,2019-12-11,42083,1428,238,Transfer
26923,2019-12-11,160359,672,Signing
26924,2019-12-11,160360,2022,Signing
26925,2019-12-11,120971,1953,137,Transfer
26926,2019-12-11,25558,1896,1071,Transfer
26927,2019-12-11,80958,1127,1788,Transfer
26928,2019-12-09,23516,1114,276,Transfer
26929,2019-12-09,76388,878,310,Transfer
26930,2019-12-09,3745,407,Exit
26931,2019-12-09,56368,1383,Exit
26932,2019-12-08,107890,310,Signing
26933,2019-12-08,85116,510,970,Transfer
26934,2019-12-08,160124,159,Signing
26935,2019-12-08,23326,747,2008,Transfer
26936,2019-12-08,160125,1021,Signing
26937,2019-12-08,160128,2145,Signing
26938,2019-12-08,160129,1985,Signing
26939,2019-12-08,9084,1120,Signing
26940,2019-12-08,26953,855,980,Transfer
26941,2019-12-08,5540,1530,439,Transfer
26942,2019-12-08,1748,1775,Signing
26943,2019-12-08,2566,1765,1039,Transfer
26944,2019-12-08,8265,287,Signing
26945,2019-12-07,1721,2135,523,Transfer
26946,2019-12-07,111192,3,Signing
26947,2019-12-07,115317,827,Signing
26948,2019-12-07,84767,479,Signing
26949,2019-12-07,126019,949,1162,Transfer
26950,2019-12-07,81754,1451,1162,Transfer
26951,2019-12-07,118995,2081,1753,Transfer
26952,2019-12-07,107441,1980,455,Transfer
26953,2019-12-07,44083,892,729,Transfer
26954,2019-12-07,1663,817,Signing
26955,2019-12-06,160096,1892,Signing
26956,2019-12-06,133808,355,Signing
26957,2019-12-06,81747,829,1759,Transfer
26958,2019-12-06,63875,1757,Signing
26959,2019-12-06,82998,734,1156,Transfer
26960,2019-12-06,84067,500,Signing
26961,2019-12-05,160003,1460,Signing
26962,2019-12-05,119767,425,Signing
26963,2019-12-05,116192,1299,Signing
26964,2019-12-05,41705,1353,18,Transfer
26965,2019-12-05,81495,1819,450,Transfer
26966,2019-12-05,20555,1590,Signing
26967,2019-12-05,51850,2089,Exit
26968,2019-12-05,32746,980,Signing
26969,2019-12-05,126872,715,Exit
26970,2019-12-05,27693,32,43,Transfer
26971,2019-12-05,33400,827,906,Transfer
26972,2019-12-05,24828,809,Signing
26973,2019-12-05,6157,1065,Signing
26974,2019-12-05,73154,548,Signing
26975,2019-12-05,12756,1825,Signing
26976,2019-12-05,39076,929,Signing
26977,2019-12-05,2446,473,Exit
26978,2019-12-05,8366,1030,Signing
26979,2019-12-05,9264,310,Signing
26980,2019-12-05,50098,1175,Signing
26981,2019-12-03,25384,173,1398,Transfer
26982,2019-12-03,23880,516,Signing
26983,2019-12-03,42291,81,678,Transfer
26984,2019-12-03,6205,1353,678,Transfer
26985,2019-12-03,80270,1719,Signing
26986,2019-12-03,41700,1757,Signing
26987,2019-12-03,59513,1773,Exit
26988,2019-12-03,24261,834,Exit
26989,2019-12-03,7129,222,Exit
26990,2019-12-02,81722,2153,143,Transfer
26991,2019-12-02,118964,732,Signing
26992,2019-12-02,85410,1024,1819,Transfer
26993,2019-12-02,52549,665,Signing
26994,2019-12-02,13361,1983,Signing
26995,2019-12-02,80317,1819,Signing
26996,2019-12-02,57815,1618,Signing
26997,2019-12-02,61253,887,Signing
26998,2019-12-02,111775,929,Signing
26999,2019-12-02,58254,846,2117,Transfer
27000,2019-12-02,65736,491,Exit
27001,2019-12-01,116939,4,Signing
27002,2019-12-01,123941,1067,Signing
27003,2019-12-01,71590,1714,930,Transfer
27004,2019-11-30,103825,1729,1895,Transfer
27005,2019-11-30,106719,849,Signing
27006,2019-11-30,56786,2111,Signing
27007,2019-11-30,31429,220,Signing
27008,2019-11-30,806,1118,155,Transfer
27009,2019-11-30,142538,1684,Signing
27010,2019-11-30,117649,953,849,Transfer
27011,2019-11-30,27024,849,Exit
27012,2019-11-30,107613,2135,1688,Transfer
27013,2019-11-30,28208,1749,Signing
27014,2019-11-30,6229,1575,Exit
27015,2019-11-30,56661,724,949,Transfer
27016,2019-11-30,53472,1911,Exit
27017,2019-11-30,93714,1885,Signing
27018,2019-11-30,6565,34,Signing
27019,2019-11-30,24266,372,338,Transfer
27020,2019-11-30,2366,1986,Signing
27021,2019-11-30,39076,208,Exit
27022,2019-11-30,42089,62,Exit
27023,2019-11-30,31190,829,721,Transfer
27024,2019-11-30,121240,1605,Exit
27025,2019-11-30,80272,1605,Exit
27026,2019-11-30,101,61,Signing
27027,2019-11-30,56932,338,Exit
27028,2019-11-29,159482,693,Signing
27029,2019-11-29,159483,2026,Signing
27030,2019-11-28,131019,976,Signing
27031,2019-11-28,159449,211,Signing
27032,2019-11-28,159450,1810,Signing
27033,2019-11-28,23066,457,717,Transfer
27034,2019-11-28,10587,801,730,Transfer
27035,2019-11-28,5637,380,Exit
27036,2019-11-28,1754,374,45,Transfer
27037,2019-11-28,28332,1000,Signing
27038,2019-11-28,108114,1386,143,Transfer
27039,2019-11-28,8220,509,Signing
27040,2019-11-28,1608,1470,Signing
27041,2019-11-27,80513,172,555,Transfer
27042,2019-11-27,89309,840,Signing
27043,2019-11-27,8220,665,Exit
27044,2019-11-27,26660,1530,Signing
27045,2019-11-27,43309,1864,1418,Transfer
27046,2019-11-27,28635,1687,Signing
27047,2019-11-27,141836,1035,121,Transfer
27048,2019-11-27,25824,164,1035,Transfer
27049,2019-11-27,25457,549,Exit
27050,2019-11-27,24800,473,Signing
27051,2019-11-27,80546,1719,459,Transfer
27052,2019-11-26,159377,1238,Signing
27053,2019-11-26,1624,32,Signing
27054,2019-11-26,31527,22,Signing
27055,2019-11-26,111535,857,Signing
27056,2019-11-26,27942,113,Exit
27057,2019-11-26,31429,264,Exit
27058,2019-11-25,159229,449,Signing
27059,2019-11-25,159230,1892,Signing
27060,2019-11-25,159231,807,Signing
27061,2019-11-25,159232,889,Signing
27062,2019-11-25,159234,2025,Signing
27063,2019-11-25,126835,1819,Signing
27064,2019-11-25,159235,25,Signing
27065,2019-11-25,57621,1129,143,Transfer
27066,2019-11-25,26008,31,851,Transfer
27067,2019-11-25,30144,877,1040,Transfer
27068,2019-11-25,16384,143,Signing
27069,2019-11-25,44581,1062,509,Transfer
27070,2019-11-24,84896,1157,Signing
27071,2019-11-24,53137,1427,1156,Transfer
27072,2019-11-24,120838,1156,Signing
27073,2019-11-24,120847,1427,Signing
27074,2019-11-24,108787,397,Signing
27075,2019-11-24,48310,209,Signing
27076,2019-11-24,72280,1909,Signing
27077,2019-11-24,55007,1225,1909,Transfer
27078,2019-11-24,99445,1225,Signing
27079,2019-11-24,4173,952,Signing
27080,2019-11-24,40093,161,Signing
27081,2019-11-23,25160,822,1976,Transfer
27082,2019-11-23,85559,973,Signing
27083,2019-11-23,142524,1789,Signing
27084,2019-11-23,102055,1234,Signing
27085,2019-11-23,89317,732,Signing
27086,2019-11-23,63875,1986,Exit
27087,2019-11-23,6421,798,717,Transfer
27088,2019-11-23,24707,469,839,Transfer
27089,2019-11-23,27871,145,1035,Transfer
27090,2019-11-23,42612,1035,Exit
27091,2019-11-23,44783,2099,Signing
27092,2019-11-23,57582,686,742,Transfer
27093,2019-11-22,767,1891,Signing
27094,2019-11-22,107003,725,Signing
27095,2019-11-22,11592,892,Signing
27096,2019-11-22,25821,807,142,Transfer
27097,2019-11-22,25900,806,58,Transfer
27098,2019-11-21,44142,1763,Signing
27099,2019-11-21,24034,189,1763,Transfer
27100,2019-11-21,107474,1000,Exit
27101,2019-11-21,3681,212,50,Transfer
27102,2019-11-21,25849,1975,Signing
27103,2019-11-21,54347,50,442,Transfer
27104,2019-11-21,46758,923,Signing
27105,2019-11-21,24067,214,Signing
27106,2019-11-21,49275,81,Exit
27107,2019-11-20,2357,2154,Signing
27108,2019-11-20,17853,905,Signing
27109,2019-11-20,21942,1420,Signing
27110,2019-11-20,1932,382,595,Transfer
27111,2019-11-20,81574,50,Exit
27112,2019-11-20,90417,1763,Exit
27113,2019-11-20,14062,85,Signing
27114,2019-11-19,158983,579,Signing
27115,2019-11-19,158984,36,Signing
27116,2019-11-19,80378,854,1000,Transfer
27117,2019-11-19,9389,740,Exit
27118,2019-11-19,1950,1891,172,Transfer
27119,2019-11-19,4347,9,67,Transfer
27120,2019-11-19,45070,712,398,Transfer
27121,2019-11-19,23269,1156,Signing
27122,2019-11-19,26660,109,Exit
27123,2019-11-19,56789,547,Signing
27124,2019-11-18,70545,1981,Signing
27125,2019-11-18,158910,1887,Signing
27126,2019-11-18,4347,9,Signing
27127,2019-11-18,31415,608,1122,Transfer
27128,2019-11-18,16618,1744,1779,Transfer
27129,2019-11-17,158907,2109,Signing
27130,2019-11-17,9368,887,1389,Transfer
27131,2019-11-17,24365,678,Exit
27132,2019-11-17,31636,2012,930,Transfer
27133,2019-11-17,84452,1353,Signing
27134,2019-11-16,30148,827,Signing
27135,2019-11-16,44254,1763,827,Transfer
27136,2019-11-16,158888,1261,Signing
27137,2019-11-16,158889,2148,Signing
27138,2019-11-16,158890,2088,Signing
27139,2019-11-16,92801,581,Signing
27140,2019-11-16,59892,1118,579,Transfer
27141,2019-11-16,41442,93,Signing
27142,2019-11-16,28014,802,Signing
27143,2019-11-16,3799,653,Signing
27144,2019-11-16,23413,500,Signing
27145,2019-11-16,85606,2095,Exit
27146,2019-11-16,41395,214,Exit
27147,2019-11-16,84452,473,Exit
27148,2019-11-15,4804,380,Exit
27149,2019-11-15,50483,473,Signing
27150,2019-11-15,80737,1626,491,Transfer
27151,2019-11-15,29172,1105,Signing
27152,2019-11-15,44228,1289,69,Transfer
27153,2019-11-15,1660,70,Signing
27154,2019-11-15,28033,817,Exit
27155,2019-11-14,23285,735,Signing
27156,2019-11-14,31560,914,Signing
27157,2019-11-14,143240,647,Signing
27158,2019-11-14,30659,554,282,Transfer
27159,2019-11-14,22381,1758,Signing
27160,2019-11-14,25952,737,1858,Transfer
27161,2019-11-14,8132,669,Exit
27162,2019-11-13,97334,523,Signing
27163,2019-11-13,139077,1321,Signing
27164,2019-11-13,26649,1896,Signing
27165,2019-11-13,85222,1819,Signing
27166,2019-11-13,57476,638,Signing
27167,2019-11-13,25435,1393,Signing
27168,2019-11-13,129468,1981,Signing
27169,2019-11-13,10020,245,Signing
27170,2019-11-13,120650,695,85,Transfer
27171,2019-11-13,24156,1122,Exit
27172,2019-11-13,26136,100,Signing
27173,2019-11-13,22463,42,Exit
27174,2019-11-12,158778,992,Signing
27175,2019-11-12,158779,1603,Signing
27176,2019-11-12,158780,1892,Signing
27177,2019-11-12,44142,842,Exit
27178,2019-11-12,9729,496,Signing
27179,2019-11-12,22533,136,Signing
27180,2019-11-12,41329,1882,Signing
27181,2019-11-12,55351,469,Signing
27182,2019-11-12,763,798,Signing
27183,2019-11-12,23936,685,1057,Transfer
27184,2019-11-12,41287,1915,2104,Transfer
27185,2019-11-12,9574,1897,2104,Transfer
27186,2019-11-12,89209,1057,2104,Transfer
27187,2019-11-12,2688,1768,Signing
27188,2019-11-11,150813,887,Signing
27189,2019-11-11,158637,494,Signing
27190,2019-11-11,32941,1248,31,Transfer
27191,2019-11-11,18559,1068,1892,Transfer
27192,2019-11-11,40849,1684,1892,Transfer
27193,2019-11-11,387,877,Signing
27194,2019-11-11,29542,136,Signing
27195,2019-11-11,15435,1390,Signing
27196,2019-11-11,29992,75,Signing
27197,2019-11-11,1907,184,Signing
27198,2019-11-11,29725,717,877,Transfer
27199,2019-11-11,108021,117,Signing
27200,2019-11-10,54528,31,2111,Transfer
27201,2019-11-10,158583,1537,Signing
27202,2019-11-10,54268,680,1569,Transfer
27203,2019-11-10,158584,189,Signing
27204,2019-11-10,10154,301,2056,Transfer
27205,2019-11-10,27157,1768,Signing
27206,2019-11-10,22558,1217,Signing
27207,2019-11-10,69639,1601,Signing
27208,2019-11-10,43138,952,1601,Transfer
27209,2019-11-10,58128,854,Signing
27210,2019-11-10,9729,120,Exit
27211,2019-11-10,44735,2022,2024,Transfer
27212,2019-11-10,71584,509,Exit
27213,2019-11-09,41693,875,1894,Transfer
27214,2019-11-09,2219,1780,Signing
27215,2019-11-09,28800,204,1684,Transfer
27216,2019-11-09,42853,217,Exit
27217,2019-11-09,30752,1390,129,Transfer
27218,2019-11-09,85417,1714,Signing
27219,2019-11-08,158474,1993,Signing
27220,2019-11-08,54201,1882,Signing
27221,2019-11-08,22548,938,1686,Transfer
27222,2019-11-08,22499,737,Signing
27223,2019-11-08,44163,1162,Signing
27224,2019-11-08,56059,1763,Signing
27225,2019-11-08,7716,2012,1428,Transfer
27226,2019-11-08,9307,34,Exit
27227,2019-11-08,27822,1045,Signing
27228,2019-11-08,27700,919,1045,Transfer
27229,2019-11-07,52296,1119,Signing
27230,2019-11-07,80583,974,Signing
27231,2019-11-07,158334,277,Signing
27232,2019-11-07,158335,913,Signing
27233,2019-11-07,97800,959,Signing
27234,2019-11-07,147695,2144,Signing
27235,2019-11-06,41437,1238,1060,Transfer
27236,2019-11-06,24905,1915,Exit
27237,2019-11-06,99301,238,Signing
27238,2019-11-06,9085,1909,Signing
27239,2019-11-06,30726,66,1024,Transfer
27240,2019-11-06,43235,1575,Signing
27241,2019-11-06,25770,747,Signing
27242,2019-11-06,16561,2024,2104,Transfer
27243,2019-11-06,20476,2024,1065,Transfer
27244,2019-11-06,9392,2024,2091,Transfer
27245,2019-11-06,58176,1060,2094,Transfer
27246,2019-11-06,26377,2022,Signing
27247,2019-11-06,150461,1060,Signing
27248,2019-11-06,25994,1788,Signing
27249,2019-11-06,94504,16,650,Transfer
27250,2019-11-06,26149,31,2100,Transfer
27251,2019-11-06,3745,1712,407,Transfer
27252,2019-11-06,44158,2044,Signing
27253,2019-11-06,39233,214,Signing
27254,2019-11-06,1896,608,Signing
27255,2019-11-06,6724,1895,1530,Transfer
27256,2019-11-06,28712,128,Signing
27257,2019-11-06,104673,2026,Signing
27258,2019-11-06,2368,1687,1626,Transfer
27259,2019-11-06,121619,2081,Signing
27260,2019-11-06,42491,439,Signing
27261,2019-11-04,157759,1162,Signing
27262,2019-11-04,30360,1321,Signing
27263,2019-11-04,57386,732,Signing
27264,2019-11-04,30590,1729,735,Transfer
27265,2019-11-04,96219,702,Signing
27266,2019-11-04,157762,2044,Signing
27267,2019-11-04,79962,1420,Signing
27268,2019-11-04,157764,1845,Signing
27269,2019-11-04,29693,81,Signing
27270,2019-11-04,42115,1982,795,Transfer
27271,2019-11-04,43419,1899,Signing
27272,2019-11-04,107003,398,Exit
27273,2019-11-04,42385,875,Signing
27274,2019-11-04,2446,473,Signing
27275,2019-11-04,2311,2097,Signing
27276,2019-11-04,58641,925,Signing
27277,2019-11-04,58524,665,Signing
27278,2019-11-03,103703,973,510,Transfer
27279,2019-11-03,52840,1617,Signing
27280,2019-11-03,142689,722,Signing
27281,2019-11-03,120669,722,Signing
27282,2019-11-03,157717,892,Signing
27283,2019-11-03,97533,1116,1220,Transfer
27284,2019-11-03,52730,1083,Signing
27285,2019-11-03,26519,720,1891,Transfer
27286,2019-11-03,18726,1384,928,Transfer
27287,2019-11-03,24810,1858,Signing
27288,2019-11-03,52682,928,Signing
27289,2019-11-03,29107,909,398,Transfer
27290,2019-11-03,9311,70,509,Transfer
27291,2019-11-03,29728,992,Signing
27292,2019-11-03,32639,1858,Signing
27293,2019-11-02,157688,2027,Signing
27294,2019-11-02,31265,171,Signing
27295,2019-11-02,803,75,Signing
27296,2019-11-02,9307,34,Signing
27297,2019-11-02,76138,651,Signing
27298,2019-11-01,157536,688,Signing
27299,2019-11-01,7010,723,Signing
27300,2019-11-01,28987,171,Exit
27301,2019-11-01,89011,171,Exit
27302,2019-11-01,80638,290,16,Transfer
27303,2019-11-01,9342,839,Signing
27304,2019-11-01,25068,98,Signing
27305,2019-11-01,4709,580,45,Transfer
27306,2019-11-01,6158,93,Signing
27307,2019-11-01,85417,31,Exit
27308,2019-11-01,81441,25,555,Transfer
27309,2019-10-31,133131,1234,Signing
27310,2019-10-31,157498,1042,Signing
27311,2019-10-31,17804,279,Signing
27312,2019-10-31,2543,146,Signing
27313,2019-10-31,58639,45,1116,Transfer
27314,2019-10-31,121953,1259,Signing
27315,2019-10-31,43155,608,680,Transfer
27316,2019-10-30,88136,1279,2024,Transfer
27317,2019-10-30,157218,1954,Signing
27318,2019-10-30,30628,51,801,Transfer
27319,2019-10-30,106729,238,Exit
27320,2019-10-30,89985,839,Exit
27321,2019-10-30,2446,184,Exit
27322,2019-10-30,63866,1684,Signing
27323,2019-10-30,25851,1390,1108,Transfer
27324,2019-10-30,22461,608,Signing
27325,2019-10-30,5713,184,Exit
27326,2019-10-29,41025,1288,Signing
27327,2019-10-29,157165,813,Signing
27328,2019-10-29,99900,2144,Signing
27329,2019-10-29,140571,907,Signing
27330,2019-10-29,140569,907,Signing
27331,2019-10-29,81533,407,Signing
27332,2019-10-29,154170,684,722,Transfer
27333,2019-10-29,30457,745,Signing
27334,2019-10-29,30285,1782,Signing
27335,2019-10-29,69677,564,Exit
27336,2019-10-29,64082,1866,Signing
27337,2019-10-29,43570,682,155,Transfer
27338,2019-10-27,157101,211,Signing
27339,2019-10-27,94665,899,Signing
27340,2019-10-27,157102,2026,Signing
27341,2019-10-27,157103,1273,Signing
27342,2019-10-27,157104,1220,Signing
27343,2019-10-27,157105,22,Signing
27344,2019-10-27,126021,101,Signing
27345,2019-10-27,84489,1221,Signing
27346,2019-10-27,1787,120,Signing
27347,2019-10-27,126019,949,Signing
27348,2019-10-27,152314,1244,Signing
27349,2019-10-27,31514,952,Signing
27350,2019-10-27,15,162,Signing
27351,2019-10-27,795,1470,1623,Transfer
27352,2019-10-26,27491,1946,471,Transfer
27353,2019-10-26,142519,282,Signing
27354,2019-10-26,116700,1789,Signing
27355,2019-10-26,38604,895,217,Transfer
27356,2019-10-26,44016,974,Signing
27357,2019-10-26,54531,653,31,Transfer
27358,2019-10-26,1139,455,Signing
27359,2019-10-26,136048,1926,654,Transfer
27360,2019-10-26,23955,1687,Signing
27361,2019-10-25,10776,120,Signing
27362,2019-10-25,44722,723,896,Transfer
27363,2019-10-25,8205,1858,Exit
27364,2019-10-25,103577,1825,850,Transfer
27365,2019-10-25,106676,973,Signing
27366,2019-10-25,41489,169,Signing
27367,2019-10-25,3787,67,Exit
27368,2019-10-25,121957,724,Signing
27369,2019-10-25,10348,1765,461,Transfer
27370,2019-10-25,10024,608,266,Transfer
27371,2019-10-25,17576,162,Exit
27372,2019-10-24,116508,218,Signing
27373,2019-10-24,2539,67,509,Transfer
27374,2019-10-24,1773,1108,Signing
27375,2019-10-24,820,1983,Signing
27376,2019-10-24,3642,1470,Signing
27377,2019-10-23,11410,1238,Signing
27378,2019-10-23,33069,1039,Signing
27379,2019-10-23,59933,885,268,Transfer
27380,2019-10-23,5659,1765,Signing
27381,2019-10-23,57046,907,Signing
27382,2019-10-23,48600,959,1217,Transfer
27383,2019-10-23,29734,829,Signing
27384,2019-10-23,13476,1431,923,Transfer
27385,2019-10-23,57888,2111,851,Transfer
27386,2019-10-23,88695,2100,Exit
27387,2019-10-23,437,290,Signing
27388,2019-10-22,24800,877,Exit
27389,2019-10-22,57360,1116,Signing
27390,2019-10-22,52546,1533,Signing
27391,2019-10-22,30447,554,Signing
27392,2019-10-22,39555,1986,Signing
27393,2019-10-22,76138,109,Exit
27394,2019-10-22,28720,740,Signing
27395,2019-10-22,3672,739,Exit
27396,2019-10-22,23255,638,Signing
27397,2019-10-21,37901,1791,1707,Transfer
27398,2019-10-21,156686,2108,Signing
27399,2019-10-21,109371,31,510,Transfer
27400,2019-10-21,28150,1236,Signing
27401,2019-10-21,11195,1991,686,Transfer
27402,2019-10-21,59650,1687,Signing
27403,2019-10-20,156668,1605,Signing
27404,2019-10-20,156672,397,Signing
27405,2019-10-20,98366,499,Signing
27406,2019-10-20,129737,1748,Signing
27407,2019-10-20,111095,2025,Signing
27408,2019-10-20,156673,2027,Signing
27409,2019-10-20,108403,32,Signing
27410,2019-10-20,156674,819,Signing
27411,2019-10-20,156675,1891,Signing
27412,2019-10-20,57592,716,Signing
27413,2019-10-20,156676,1260,Signing
27414,2019-10-20,89978,310,Signing
27415,2019-10-20,4306,1386,88,Transfer
27416,2019-10-20,89883,1116,Signing
27417,2019-10-20,121006,1321,Signing
27418,2019-10-20,156679,1717,Signing
27419,2019-10-20,119438,453,Signing
27420,2019-10-20,1775,1729,Signing
27421,2019-10-20,43237,171,957,Transfer
27422,2019-10-20,3790,665,Signing
27423,2019-10-19,80894,1909,Signing
27424,2019-10-19,28150,5,Exit
27425,2019-10-19,97701,747,Exit
27426,2019-10-19,125473,975,Signing
27427,2019-10-18,26893,547,Signing
27428,2019-10-18,41089,1432,Signing
27429,2019-10-18,57368,747,Signing
27430,2019-10-18,109412,980,Signing
27431,2019-10-18,25029,1025,Signing
27432,2019-10-18,7570,161,Signing
27433,2019-10-18,9577,708,Signing
27434,2019-10-18,141708,339,Signing
27435,2019-10-16,1690,165,Signing
27436,2019-10-16,23638,547,Exit
27437,2019-10-16,24687,165,Exit
27438,2019-10-16,2383,1470,Signing
27439,2019-10-16,2173,136,Signing
27440,2019-10-16,20352,401,721,Transfer
27441,2019-10-16,9324,1116,Exit
27442,2019-10-16,3188,1116,Exit
27443,2019-10-16,54158,27,Signing
27444,2019-10-16,33833,31,2111,Transfer
27445,2019-10-15,1721,2094,2135,Transfer
27446,2019-10-15,39438,1000,1025,Transfer
27447,2019-10-15,42354,497,Signing
27448,2019-10-15,1772,277,266,Transfer
27449,2019-10-15,24825,753,164,Transfer
27450,2019-10-15,107638,1884,Signing
27451,2019-10-15,126314,562,209,Transfer
27452,2019-10-15,156569,1289,Signing
27453,2019-10-15,24753,42,Signing
27454,2019-10-15,57369,973,Signing
27455,2019-10-15,80367,716,970,Transfer
27456,2019-10-15,108623,2112,1891,Transfer
27457,2019-10-14,42628,1911,Signing
27458,2019-10-14,27843,1814,Signing
27459,2019-10-14,151053,809,Signing
27460,2019-10-14,29711,2117,Signing
27461,2019-10-14,116245,259,Signing
27462,2019-10-14,148811,7,Signing
27463,2019-10-14,120663,443,397,Transfer
27464,2019-10-14,3766,1004,Signing
27465,2019-10-13,52645,817,Signing
27466,2019-10-13,85417,1196,31,Transfer
27467,2019-10-13,6681,687,Signing
27468,2019-10-13,54062,1218,Signing
27469,2019-10-13,156465,1174,Signing
27470,2019-10-13,156466,873,Signing
27471,2019-10-13,156467,108,Signing
27472,2019-10-13,142763,1985,Signing
27473,2019-10-13,156468,446,Signing
27474,2019-10-13,156469,1984,Signing
27475,2019-10-11,148665,581,Signing
27476,2019-10-11,76050,835,Signing
27477,2019-10-11,81298,747,838,Transfer
27478,2019-10-11,15960,798,Signing
27479,2019-10-11,7716,2012,Signing
27480,2019-10-11,24297,493,Signing
27481,2019-10-10,120974,1299,Signing
27482,2019-10-10,156223,1386,Signing
27483,2019-10-10,123903,1911,Signing
27484,2019-10-10,53491,1383,Signing
27485,2019-10-10,103703,973,Signing
27486,2019-10-10,24297,1687,Exit
27487,2019-10-10,2272,1461,1116,Transfer
27488,2019-10-10,4710,25,Signing
27489,2019-10-10,26511,973,Signing
27490,2019-10-10,80546,1719,Signing
27491,2019-10-10,43783,608,100,Transfer
27492,2019-10-09,22499,608,Exit
27493,2019-10-08,137960,672,Signing
27494,2019-10-08,156179,61,Signing
27495,2019-10-08,156180,61,Signing
27496,2019-10-08,25457,549,Signing
27497,2019-10-08,80007,1371,Signing
27498,2019-10-08,81102,1179,Signing
27499,2019-10-08,48713,5,Signing
27500,2019-10-08,58342,548,Signing
27501,2019-10-08,54382,548,Signing
27502,2019-10-08,80636,380,1891,Transfer
27503,2019-10-08,9380,730,Signing
27504,2019-10-08,31069,145,Signing
27505,2019-10-08,80277,1455,Signing
27506,2019-10-08,3986,401,Signing
27507,2019-10-07,156116,2096,Signing
27508,2019-10-07,103544,1577,Signing
27509,2019-10-07,57168,448,Signing
27510,2019-10-07,120225,479,Signing
27511,2019-10-05,52087,1570,Signing
27512,2019-10-05,12651,656,Signing
27513,2019-10-05,106862,2022,Signing
27514,2019-10-04,144192,1577,Signing
27515,2019-10-04,24116,288,52,Transfer
27516,2019-10-04,41579,67,Signing
27517,2019-10-04,42083,1428,Exit
27518,2019-10-03,155867,1033,Signing
27519,2019-10-03,784,382,Signing
27520,2019-10-03,24052,10,339,Transfer
27521,2019-10-03,24746,1065,15,Transfer
27522,2019-10-03,39240,2012,Signing
27523,2019-10-03,22507,1826,Signing
27524,2019-10-03,1658,1062,Signing
27525,2019-10-03,80282,1445,751,Transfer
27526,2019-10-03,121820,2083,Signing
27527,2019-10-03,110181,2025,Signing
27528,2019-10-03,144282,2025,Signing
27529,2019-10-03,1705,2012,Signing
27530,2019-10-03,81169,949,Signing
27531,2019-10-03,132626,1162,Signing
27532,2019-10-02,43829,338,Signing
27533,2019-10-02,36578,1810,Signing
27534,2019-10-02,23271,648,Signing
27535,2019-10-02,69337,648,Signing
27536,2019-10-02,155762,2145,Signing
27537,2019-10-02,6595,1991,Signing
27538,2019-10-02,45094,1025,Exit
27539,2019-10-02,26603,1025,Exit
27540,2019-10-02,110127,1789,1986,Transfer
27541,2019-10-02,106676,1986,Exit
27542,2019-10-02,56704,735,1116,Transfer
27543,2019-10-02,49287,1025,Signing
27544,2019-10-02,80835,1021,Signing
27545,2019-10-02,18399,1067,Signing
27546,2019-10-02,80930,1162,Signing
27547,2019-10-02,8645,1030,Signing
27548,2019-10-02,3921,1398,Signing
27549,2019-10-02,109107,466,Signing
27550,2019-10-02,120951,15,Signing
27551,2019-10-02,139522,15,Signing
27552,2019-10-02,137603,809,Signing
27553,2019-10-02,155831,809,Signing
27554,2019-10-02,94504,101,16,Transfer
27555,2019-10-02,108749,101,16,Transfer
27556,2019-10-02,130104,142,Signing
27557,2019-10-02,116120,142,Signing
27558,2019-10-02,33575,845,Signing
27559,2019-10-02,72671,1063,Signing
27560,2019-09-29,155617,1041,Signing
27561,2019-09-29,32677,2086,Signing
27562,2019-09-29,139614,785,Signing
27563,2019-09-29,99050,1279,Signing
27564,2019-09-29,155619,22,Signing
27565,2019-09-29,80358,730,Signing
27566,2019-09-29,42634,1445,Signing
27567,2019-09-29,155621,689,Signing
27568,2019-09-29,155622,1867,Signing
27569,2019-09-29,146031,849,Signing
27570,2019-09-29,137541,1218,Signing
27571,2019-09-29,155623,1564,Signing
27572,2019-09-29,59876,973,Signing
27573,2019-09-29,119917,970,Signing
27574,2019-09-29,42948,493,380,Transfer
27575,2019-09-29,123592,970,Signing
27576,2019-09-28,29300,216,Signing
27577,2019-09-28,54285,548,Signing
27578,2019-09-28,30908,717,Signing
27579,2019-09-28,24358,926,Signing
27580,2019-09-28,80693,834,Signing
27581,2019-09-26,26995,2077,Signing
27582,2019-09-26,2434,735,Signing
27583,2019-09-26,28628,717,Signing
27584,2019-09-26,9576,1712,1915,Transfer
27585,2019-09-26,45349,562,Signing
27586,2019-09-26,1612,290,Signing
27587,2019-09-26,106676,1986,Signing
27588,2019-09-26,57198,1067,Signing
27589,2019-09-26,28008,1817,Signing
27590,2019-09-26,97551,1814,Signing
27591,2019-09-26,80450,975,Signing
27592,2019-09-25,25901,1246,Signing
27593,2019-09-25,2326,36,Signing
27594,2019-09-25,80645,1980,Exit
27595,2019-09-25,57407,397,Signing
27596,2019-09-25,31114,1996,Signing
27597,2019-09-25,31748,547,1991,Transfer
27598,2019-09-25,44018,1273,Signing
27599,2019-09-25,31364,809,Signing
27600,2019-09-25,28150,2077,5,Transfer
27601,2019-09-25,6467,661,Signing
27602,2019-09-25,39591,184,Signing
27603,2019-09-25,84815,399,Signing
27604,2019-09-25,49893,98,Signing
27605,2019-09-25,30509,2136,Signing
27606,2019-09-24,6238,1628,Signing
27607,2019-09-24,109700,794,Signing
27608,2019-09-24,72599,412,Signing
27609,2019-09-24,28150,2077,Signing
27610,2019-09-24,58057,1354,Signing
27611,2019-09-24,25384,173,Signing
27612,2019-09-24,89985,839,Signing
27613,2019-09-24,101756,1819,Signing
27614,2019-09-24,24178,730,Signing
27615,2019-09-24,54304,1683,Signing
27616,2019-09-24,9324,1116,Signing
27617,2019-09-24,80808,1216,Signing
27618,2019-09-24,93657,926,Signing
27619,2019-09-24,83643,732,Signing
27620,2019-09-24,80866,1639,Signing
27621,2019-09-23,21,8,Signing
27622,2019-09-23,25042,1390,Signing
27623,2019-09-23,26324,1114,Signing
27624,2019-09-22,26250,1116,Signing
27625,2019-09-22,2902,2002,Signing
27626,2019-09-22,2898,2002,Signing
27627,2019-09-22,61909,887,Signing
27628,2019-09-22,56695,1004,Signing
27629,2019-09-22,126017,516,Signing
27630,2019-09-22,126010,516,Signing
27631,2019-09-22,116077,949,Signing
27632,2019-09-21,2575,717,Signing
27633,2019-09-21,27611,216,Signing
27634,2019-09-21,2908,26,Signing
27635,2019-09-21,41435,1983,Signing
27636,2019-09-21,84110,1201,Signing
27637,2019-09-21,10179,717,Signing
27638,2019-09-21,85598,1628,Exit
27639,2019-09-21,65719,707,Signing
27640,2019-09-21,26973,2077,48,Transfer
27641,2019-09-21,121986,1201,Signing
27642,2019-09-21,108623,2112,Signing
27643,2019-09-21,30362,1321,Signing
27644,2019-09-20,2970,669,Signing
27645,2019-09-20,104441,118,Signing
27646,2019-09-20,44083,892,Signing
27647,2019-09-20,31029,892,Signing
27648,2019-09-20,40243,407,Signing
27649,2019-09-20,29492,675,Signing
27650,2019-09-20,25821,807,Signing
27651,2019-09-20,1909,970,Signing
27652,2019-09-20,22577,2002,Signing
27653,2019-09-20,33758,723,Signing
27654,2019-09-20,28604,840,Signing
27655,2019-09-20,32480,723,Signing
27656,2019-09-20,105730,450,Signing
27657,2019-09-20,155223,950,Signing
27658,2019-09-20,76404,380,Signing
27659,2019-09-20,103841,1067,Signing
27660,2019-09-20,9751,797,Signing
27661,2019-09-20,58078,1826,Signing
27662,2019-09-20,119464,1714,Signing
27663,2019-09-18,9353,155,71,Transfer
27664,2019-09-18,81494,71,Exit
27665,2019-09-18,72635,89,608,Transfer
27666,2019-09-18,30628,735,51,Transfer
27667,2019-09-18,29852,669,Signing
27668,2019-09-18,8704,1983,Signing
27669,2019-09-17,81038,478,Exit
27670,2019-09-17,7112,835,Signing
27671,2019-09-17,24636,835,Signing
27672,2019-09-17,6525,186,Signing
27673,2019-09-17,88210,50,Signing
27674,2019-09-17,27821,1628,Signing
27675,2019-09-17,29101,107,Signing
27676,2019-09-17,26835,1981,Signing
27677,2019-09-16,107651,1098,Signing
27678,2019-09-16,121240,1605,Signing
27679,2019-09-16,53848,397,Signing
27680,2019-09-16,24088,343,1530,Transfer
27681,2019-09-16,27900,120,476,Transfer
27682,2019-09-16,23309,523,Exit
27683,2019-09-16,7763,1376,Signing
27684,2019-09-16,89764,991,Signing
27685,2019-09-16,80448,1825,684,Transfer
27686,2019-09-16,122475,950,Signing
27687,2019-09-16,31115,1744,Signing
27688,2019-09-16,23326,10,747,Transfer
27689,2019-09-16,52841,458,Signing
27690,2019-09-15,80638,290,Signing
27691,2019-09-15,80807,1282,Signing
27692,2019-09-15,57011,1282,Signing
27693,2019-09-15,25537,1684,Signing
27694,2019-09-15,5308,970,Signing
27695,2019-09-15,160110,1051,Signing
27696,2019-09-15,93198,841,Signing
27697,2019-09-15,42780,689,Signing
27698,2019-09-15,27607,689,1906,Transfer
27699,2019-09-15,28795,1906,Signing
27700,2019-09-15,150729,1906,Signing
27701,2019-09-15,59466,1906,Signing
27702,2019-09-15,95082,875,Signing
27703,2019-09-15,53953,1845,Signing
27704,2019-09-15,24297,1687,Signing
27705,2019-09-15,82314,1845,Signing
27706,2019-09-15,27485,1427,Signing
27707,2019-09-15,85436,1420,Signing
27708,2019-09-14,65744,650,Signing
27709,2019-09-14,26509,182,Signing
27710,2019-09-14,42283,508,Signing
27711,2019-09-14,24150,686,196,Transfer
27712,2019-09-14,26660,148,109,Transfer
27713,2019-09-14,3691,473,Signing
27714,2019-09-14,84808,682,1891,Transfer
27715,2019-09-14,32962,32,744,Transfer
27716,2019-09-14,80989,218,Signing
27717,2019-09-12,10730,193,Signing
27718,2019-09-12,50488,650,Signing
27719,2019-09-12,97837,186,Exit
27720,2019-09-12,2301,23,Signing
27721,2019-09-12,27919,338,Exit
27722,2019-09-12,9331,338,Signing
27723,2019-09-12,42633,1156,Signing
27724,2019-09-12,138922,1597,Signing
27725,2019-09-12,24117,216,Exit
27726,2019-09-12,84833,2083,Signing
27727,2019-09-12,48674,1025,Signing
27728,2019-09-12,58192,950,Signing
27729,2019-09-12,80697,1666,Signing
27730,2019-09-12,120968,264,Signing
27731,2019-09-11,42301,672,Signing
27732,2019-09-11,41431,717,Signing
27733,2019-09-11,7830,136,Signing
27734,2019-09-11,98277,217,Signing
27735,2019-09-11,27834,220,Signing
27736,2019-09-11,795,1470,Signing
27737,2019-09-11,22340,1782,Signing
27738,2019-09-11,30628,735,Signing
27739,2019-09-11,27075,204,971,Transfer
27740,2019-09-11,26562,478,Signing
27741,2019-09-11,107645,1156,Signing
27742,2019-09-11,121837,971,Signing
27743,2019-09-11,99334,1569,Signing
27744,2019-09-11,48600,959,Signing
27745,2019-09-11,23326,10,Signing
27746,2019-09-11,84809,1628,Signing
27747,2019-09-10,24116,288,Signing
27748,2019-09-10,52848,41,Signing
27749,2019-09-10,57647,855,Signing
27750,2019-09-10,1779,1602,Signing
27751,2019-09-10,2188,55,Signing
27752,2019-09-10,29127,442,Signing
27753,2019-09-10,105889,2012,Signing
27754,2019-09-10,154636,194,Signing
27755,2019-09-10,80610,218,Signing
27756,2019-09-10,71976,875,Signing
27757,2019-09-09,97333,204,1040,Transfer
27758,2019-09-09,42336,194,Signing
27759,2019-09-09,5782,2012,Signing
27760,2019-09-09,89988,949,Signing
27761,2019-09-09,26938,712,Signing
27762,2019-09-09,82849,959,Signing
27763,2019-09-08,3641,621,Signing
27764,2019-09-08,18039,895,Signing
27765,2019-09-08,5633,32,Signing
27766,2019-09-08,31787,686,Signing
27767,2019-09-07,70658,42,Signing
27768,2019-09-07,22463,148,42,Transfer
27769,2019-09-07,59787,136,Signing
27770,2019-09-07,30046,476,41,Transfer
27771,2019-09-07,59822,717,Signing
27772,2019-09-07,31636,2012,Signing
27773,2019-09-07,30144,877,Signing
27774,2019-09-07,10337,860,Signing
27775,2019-09-07,872,343,Signing
27776,2019-09-07,45033,1891,Signing
27777,2019-09-07,27012,83,Signing
27778,2019-09-07,112501,276,Signing
27779,2019-09-07,1638,1630,Signing
27780,2019-09-07,5913,1098,Exit
27781,2019-09-07,30500,1887,1905,Transfer
27782,2019-09-07,61324,1707,Signing
27783,2019-09-07,70658,48,Signing
27784,2019-09-07,37901,1791,Signing
27785,2019-09-07,80915,2002,Signing
27786,2019-09-07,30042,1985,Signing
27787,2019-09-05,2560,638,Signing
27788,2019-09-05,42157,686,1628,Transfer
27789,2019-09-05,84803,1628,Signing
27790,2019-09-05,33200,2021,Signing
27791,2019-09-05,39023,42,Signing
27792,2019-09-05,24163,353,Signing
27793,2019-09-05,52854,798,Signing
27794,2019-09-05,1950,1891,Exit
27795,2019-09-04,28226,819,Signing
27796,2019-09-04,9335,266,Signing
27797,2019-09-04,108906,52,1390,Transfer
27798,2019-09-04,2412,744,Signing
27799,2019-09-04,29576,744,Signing
27800,2019-09-04,6231,1401,500,Transfer
27801,2019-09-04,98706,970,Signing
27802,2019-09-04,58564,2100,Signing
27803,2019-09-04,3718,1455,Signing
27804,2019-09-03,2419,745,Signing
27805,2019-09-03,42087,745,Signing
27806,2019-09-03,57226,926,Signing
27807,2019-09-03,31196,1602,Signing
27808,2019-09-03,108795,476,Signing
27809,2019-09-03,1950,1891,Signing
27810,2019-09-03,89322,1062,Signing
27811,2019-09-03,38616,887,Signing
27812,2019-09-03,84528,1157,Signing
27813,2019-09-03,98961,926,Signing
27814,2019-09-02,103368,41,Signing
27815,2019-09-02,85606,36,Signing
27816,2019-09-02,23638,547,Signing
27817,2019-09-02,81106,1420,Signing
27818,2019-09-02,81121,41,Signing
27819,2019-09-02,8542,555,Signing
27820,2019-09-02,10639,844,Signing
27821,2019-09-02,64012,693,Signing
27822,2019-09-02,80311,1628,Signing
27823,2019-09-02,85598,1628,Signing
27824,2019-09-02,151510,1070,Signing
27825,2019-09-02,52353,555,Signing
27826,2019-09-02,57241,128,Signing
27827,2019-09-01,97701,747,Signing
27828,2019-09-01,101971,136,Signing
27829,2019-09-01,29254,673,Signing
27830,2019-09-01,11284,1628,Signing
27831,2019-09-01,9341,1882,1628,Transfer
27832,2019-09-01,30007,136,Signing
27833,2019-08-31,29309,168,Signing
27834,2019-08-31,147638,168,Signing
27835,2019-08-31,411,168,Signing
27836,2019-08-31,27858,2111,Signing
27837,2019-08-31,44721,28,Signing
27838,2019-08-31,56932,338,Signing
27839,2019-08-30,108636,1814,Signing
27840,2019-08-30,109197,1814,Signing
27841,2019-08-30,108685,1814,Signing
27842,2019-08-30,26533,58,Signing
27843,2019-08-30,4714,476,Signing
27844,2019-08-30,54284,120,Signing
27845,2019-08-30,5172,41,Signing
27846,2019-08-30,2379,100,Signing
27847,2019-08-30,21028,41,Signing
27848,2019-08-30,10919,83,Signing
27849,2019-08-30,84934,258,Signing
27850,2019-08-29,32673,180,Signing
27851,2019-08-29,51094,1683,Signing
27852,2019-08-29,80652,963,Signing
27853,2019-08-29,79966,2014,Signing
27854,2019-08-29,31001,2049,895,Transfer
27855,2019-08-29,31365,730,Signing
27856,2019-08-29,24050,10,1114,Transfer
27857,2019-08-28,24352,41,Signing
27858,2019-08-28,23156,41,Signing
27859,2019-08-28,8132,669,Signing
27860,2019-08-28,25898,669,18,Transfer
27861,2019-08-28,7116,1788,Signing
27862,2019-08-28,81275,508,Signing
27863,2019-08-27,29389,382,Signing
27864,2019-08-27,3672,739,Signing
27865,2019-08-27,64084,258,Signing
27866,2019-08-27,58334,819,Exit
27867,2019-08-27,2203,168,461,Transfer
27868,2019-08-27,10168,287,Signing
27869,2019-08-27,81152,274,Signing
27870,2019-08-27,808,1602,Signing
27871,2019-08-26,81265,2014,Signing
27872,2019-08-26,14119,1891,Signing
27873,2019-08-26,25851,10,Signing
27874,2019-08-26,2629,10,Signing
27875,2019-08-26,24052,10,Signing
27876,2019-08-26,42741,1592,Signing
27877,2019-08-26,24259,1042,Signing
27878,2019-08-26,57277,747,Signing
27879,2019-08-25,22527,2049,136,Transfer
27880,2019-08-25,80474,734,Signing
27881,2019-08-25,81349,734,Signing
27882,2019-08-25,21657,734,Signing
27883,2019-08-25,39775,71,Signing
27884,2019-08-25,2530,36,Signing
27885,2019-08-25,5588,434,Signing
27886,2019-08-24,20805,42,Signing
27887,2019-08-24,80306,1778,Signing
27888,2019-08-24,101719,508,Signing
27889,2019-08-24,28644,2014,Signing
27890,2019-08-24,24666,216,Signing
27891,2019-08-24,41719,353,Signing
27892,2019-08-24,54512,353,Signing
27893,2019-08-24,31267,168,Signing
27894,2019-08-24,117755,277,Signing
27895,2019-08-23,55085,516,2086,Transfer
27896,2019-08-23,9739,34,Signing
27897,2019-08-23,17576,162,Signing
27898,2019-08-23,9264,434,Exit
27899,2019-08-23,44074,75,Signing
27900,2019-08-23,2186,97,Signing
27901,2019-08-23,57506,97,Exit
27902,2019-08-23,9947,1765,220,Transfer
27903,2019-08-22,8482,2092,Signing
27904,2019-08-22,95051,102,Signing
27905,2019-08-22,44097,730,Signing
27906,2019-08-22,43929,1371,Signing
27907,2019-08-22,32451,745,Signing
27908,2019-08-22,2206,740,Signing
27909,2019-08-22,23765,168,Exit
27910,2019-08-22,3946,196,Signing
27911,2019-08-22,85400,136,Signing
27912,2019-08-22,15710,744,Signing
27913,2019-08-22,12049,165,Signing
27914,2019-08-21,72635,608,18,Transfer
27915,2019-08-21,24646,817,Signing
27916,2019-08-21,24156,1122,Signing
27917,2019-08-21,1828,1788,Signing
27918,2019-08-21,24146,42,Exit
27919,2019-08-21,77634,723,Signing
27920,2019-08-21,25855,43,Signing
27921,2019-08-21,117808,549,Signing
27922,2019-08-21,24687,165,Signing
27923,2019-08-21,41189,1060,Signing
27924,2019-08-21,81060,274,Signing
27925,2019-08-21,26349,640,Signing
27926,2019-08-21,58789,729,Signing
27927,2019-08-21,108716,217,Signing
27928,2019-08-21,49131,42,Signing
27929,2019-08-21,84292,849,Signing
27930,2019-08-21,24299,695,Signing
27931,2019-08-21,28987,171,Signing
27932,2019-08-21,123751,880,Signing
27933,2019-08-21,48895,1998,Signing
27934,2019-08-21,109339,948,1686,Transfer
27935,2019-08-21,56703,2049,747,Transfer
27936,2019-08-21,123869,688,Signing
27937,2019-08-21,85570,1592,Signing
27938,2019-08-20,3681,212,Signing
27939,2019-08-20,112151,217,Signing
27940,2019-08-20,89287,51,Signing
27941,2019-08-20,4008,720,Signing
27942,2019-08-20,112853,648,Signing
27943,2019-08-20,80999,1532,Signing
27944,2019-08-20,27840,877,Signing
27945,2019-08-20,89131,443,Signing
27946,2019-08-20,33302,1529,Signing
27947,2019-08-20,56828,266,Signing
27948,2019-08-20,2551,608,Signing
27949,2019-08-19,2310,1882,Signing
27950,2019-08-19,24264,742,Signing
27951,2019-08-19,29835,443,Signing
27952,2019-08-19,22883,3,Signing
27953,2019-08-19,2540,678,Signing
27954,2019-08-19,24649,1605,Signing
27955,2019-08-19,8391,266,Signing
27956,2019-08-19,816,1778,Signing
27957,2019-08-19,52347,725,Signing
27958,2019-08-19,109204,184,Signing
27959,2019-08-19,765,1470,Signing
27960,2019-08-19,20649,723,Signing
27961,2019-08-19,42854,371,Signing
27962,2019-08-19,30605,654,Signing
27963,2019-08-19,14479,382,Signing
27964,2019-08-19,24243,1911,Signing
27965,2019-08-18,4518,1402,Signing
27966,2019-08-18,53968,33,Signing
27967,2019-08-18,83911,193,Signing
27968,2019-08-18,27679,1983,Signing
27969,2019-08-18,152925,2086,Signing
27970,2019-08-18,41399,1375,Signing
27971,2019-08-18,50094,687,Signing
27972,2019-08-17,80116,747,Signing
27973,2019-08-17,28606,75,Signing
27974,2019-08-17,25929,741,Signing
27975,2019-08-17,49322,665,Signing
27976,2019-08-17,9372,266,Signing
27977,2019-08-17,41957,4,Signing
27978,2019-08-17,57170,2092,Signing
27979,2019-08-17,54070,819,Signing
27980,2019-08-17,80530,222,Exit
27981,2019-08-17,4522,245,Signing
27982,2019-08-17,87740,2093,Signing
27983,2019-08-17,84549,1789,Signing
27984,2019-08-17,22410,1428,Signing
27985,2019-08-17,41818,1996,Signing
27986,2019-08-16,80550,914,Signing
27987,2019-08-16,13175,181,Signing
27988,2019-08-16,81089,220,Exit
27989,2019-08-16,29646,1623,Signing
27990,2019-08-16,23638,266,Exit
27991,2019-08-16,2597,861,Signing
27992,2019-08-16,32668,342,Signing
27993,2019-08-16,84889,1070,Signing
27994,2019-08-16,47771,1289,Signing
27995,2019-08-16,5877,222,Signing
27996,2019-08-16,42739,398,Signing
27997,2019-08-16,90988,861,Signing
27998,2019-08-16,112538,492,Signing
27999,2019-08-16,56189,492,Signing
28000,2019-08-16,53988,1826,Signing
28001,2019-08-16,45896,494,Signing
28002,2019-08-16,94752,1281,Signing
28003,2019-08-16,27653,1991,Signing
28004,2019-08-16,24658,1244,Signing
28005,2019-08-16,120795,1871,Signing
28006,2019-08-16,139072,1871,Signing
28007,2019-08-16,2901,164,Signing
28008,2019-08-16,54348,471,Signing
28009,2019-08-16,142671,1188,Signing
28010,2019-08-16,107994,1188,Signing
28011,2019-08-16,80826,399,Signing
28012,2019-08-15,80115,724,Signing
28013,2019-08-15,27898,26,Signing
28014,2019-08-15,117706,508,Signing
28015,2019-08-15,57765,1532,Signing
28016,2019-08-15,24062,15,Signing
28017,2019-08-15,80286,126,Signing
28018,2019-08-15,26020,802,Signing
28019,2019-08-15,24245,93,Signing
28020,2019-08-15,33432,742,Signing
28021,2019-08-15,8273,2100,Signing
28022,2019-08-15,3578,128,Signing
28023,2019-08-15,109143,508,Signing
28024,2019-08-15,53056,36,Signing
28025,2019-08-15,56659,194,Signing
28026,2019-08-15,81577,1440,Signing
28027,2019-08-15,56841,687,Signing
28028,2019-08-14,1623,134,Signing
28029,2019-08-14,7577,806,Signing
28030,2019-08-14,108098,1114,1814,Transfer
28031,2019-08-14,3925,67,Signing
28032,2019-08-14,71423,1455,Signing
28033,2019-08-14,6805,222,Signing
28034,2019-08-14,25163,737,Signing
28035,2019-08-14,28758,1788,Signing
28036,2019-08-14,40981,1884,Signing
28037,2019-08-14,25916,185,Signing
28038,2019-08-14,24640,1896,Signing
28039,2019-08-14,80737,1626,Signing
28040,2019-08-14,43237,171,Signing
28041,2019-08-14,56717,492,Signing
28042,2019-08-14,27914,173,Signing
28043,2019-08-14,24316,589,Signing
28044,2019-08-14,57185,1239,589,Transfer
28045,2019-08-14,21471,173,Signing
28046,2019-08-14,41311,476,352,Transfer
28047,2019-08-14,117802,2011,Signing
28048,2019-08-14,78699,957,Signing
28049,2019-08-14,59297,2086,Signing
28050,2019-08-14,152720,1858,Signing
28051,2019-08-14,30143,1858,Signing
28052,2019-08-14,30143,439,Signing
28053,2019-08-14,111904,1044,Signing
28054,2019-08-14,42156,1757,Signing
28055,2019-08-13,9311,1371,70,Transfer
28056,2019-08-13,24199,741,Signing
28057,2019-08-13,80645,1980,Signing
28058,2019-08-13,103561,32,Signing
28059,2019-08-13,7052,155,Signing
28060,2019-08-13,44573,26,Signing
28061,2019-08-13,7294,794,Signing
28062,2019-08-13,2365,276,Signing
28063,2019-08-13,58223,108,Signing
28064,2019-08-13,98797,1810,Signing
28065,2019-08-13,151471,2024,Signing
28066,2019-08-13,137525,1063,Signing
28067,2019-08-13,3902,220,Signing
28068,2019-08-13,26693,499,Signing
28069,2019-08-13,1769,500,Signing
28070,2019-08-13,37842,3,Signing
28071,2019-08-13,22232,846,Signing
28072,2019-08-13,107485,1063,Signing
28073,2019-08-13,4190,26,Signing
28074,2019-08-13,107606,1021,Signing
28075,2019-08-13,26023,1440,Signing
28076,2019-08-13,45419,1905,Signing
28077,2019-08-13,95008,1000,Signing
28078,2019-08-13,29753,889,Signing
28079,2019-08-13,24278,1402,Signing
28080,2019-08-13,25910,1770,Signing
28081,2019-08-13,22896,2091,Signing
28082,2019-08-13,58302,962,Signing
28083,2019-08-13,80386,1782,Signing
28084,2019-08-13,137036,2087,Signing
28085,2019-08-13,139080,1047,Signing
28086,2019-08-13,69275,1866,Signing
28087,2019-08-12,25760,744,1858,Transfer
28088,2019-08-12,40485,118,Signing
28089,2019-08-12,52344,4,Signing
28090,2019-08-12,24266,372,Signing
28091,2019-08-12,24317,377,Signing
28092,2019-08-12,22959,5,44,Transfer
28093,2019-08-12,83399,377,Signing
28094,2019-08-12,56704,735,Signing
28095,2019-08-12,24154,737,Signing
28096,2019-08-12,59044,171,Signing
28097,2019-08-12,98260,592,Signing
28098,2019-08-12,11897,871,Signing
28099,2019-08-12,8207,1440,Signing
28100,2019-08-12,28034,821,Signing
28101,2019-08-12,32685,1440,Signing
28102,2019-08-12,84384,1163,1042,Transfer
28103,2019-08-12,43684,1261,Signing
28104,2019-08-12,1696,2091,Signing
28105,2019-08-12,72604,1070,Signing
28106,2019-08-12,25034,1065,Signing
28107,2019-08-12,84564,2017,Signing
28108,2019-08-12,31209,828,Signing
28109,2019-08-12,6021,1986,Signing
28110,2019-08-11,23581,720,Signing
28111,2019-08-11,9311,1371,Signing
28112,2019-08-11,6231,1401,Signing
28113,2019-08-11,26137,339,Signing
28114,2019-08-11,9347,32,Signing
28115,2019-08-11,29110,461,Signing
28116,2019-08-11,85913,693,Signing
28117,2019-08-11,54014,1375,Signing
28118,2019-08-11,6478,26,Signing
28119,2019-08-11,30020,9,Signing
28120,2019-08-11,152594,675,Signing
28121,2019-08-11,97280,1694,Signing
28122,2019-08-11,33124,1781,Signing
28123,2019-08-11,30636,1410,Signing
28124,2019-08-11,7522,1896,Signing
28125,2019-08-11,42699,439,Signing
28126,2019-08-10,50095,1714,Signing
28127,2019-08-10,6855,806,Signing
28128,2019-08-10,42336,109,Exit
28129,2019-08-10,56859,1875,Signing
28130,2019-08-10,10161,51,Signing
28131,2019-08-10,42853,217,Signing
28132,2019-08-10,9072,1028,Signing
28133,2019-08-10,28846,339,Signing
28134,2019-08-10,72602,1714,Signing
28135,2019-08-10,76935,744,Signing
28136,2019-08-10,43104,805,Signing
28137,2019-08-10,42133,621,Signing
28138,2019-08-10,891,1882,75,Transfer
28139,2019-08-10,52349,1605,Signing
28140,2019-08-10,90868,97,Signing
28141,2019-08-10,2196,288,Signing
28142,2019-08-10,30520,162,Signing
28143,2019-08-10,81994,212,Signing
28144,2019-08-10,10882,25,Signing
28145,2019-08-10,24261,834,Signing
28146,2019-08-10,30772,2049,2018,Transfer
28147,2019-08-10,106883,971,Signing
28148,2019-08-10,6881,1905,Signing
28149,2019-08-10,71364,1905,Signing
28150,2019-08-10,24170,496,Signing
28151,2019-08-10,44799,1566,Signing
28152,2019-08-10,81256,113,Signing
28153,2019-08-10,26204,1696,Signing
28154,2019-08-10,85883,212,Signing
28155,2019-08-10,31287,1866,Signing
28156,2019-08-10,11187,1996,Signing
28157,2019-08-10,27825,1044,Signing
28158,2019-08-10,116712,1039,Signing
28159,2019-08-10,99784,1867,Signing
28160,2019-08-10,106361,1866,Signing
28161,2019-08-09,33024,503,Signing
28162,2019-08-09,127418,602,Signing
28163,2019-08-09,57474,493,Signing
28164,2019-08-09,32675,1371,Signing
28165,2019-08-09,81036,2053,720,Transfer
28166,2019-08-09,9315,1221,Signing
28167,2019-08-09,80732,1455,Signing
28168,2019-08-09,28973,338,Signing
28169,2019-08-09,28235,1693,Signing
28170,2019-08-09,57027,232,Signing
28171,2019-08-09,27779,279,Signing
28172,2019-08-09,2368,1687,Signing
28173,2019-08-09,25056,107,Signing
28174,2019-08-09,32725,145,Signing
28175,2019-08-09,24169,352,Signing
28176,2019-08-09,107630,83,352,Transfer
28177,2019-08-09,85060,1221,Signing
28178,2019-08-09,8038,1060,Signing
28179,2019-08-09,112091,171,Signing
28180,2019-08-09,139386,1885,Signing
28181,2019-08-09,81089,2051,220,Transfer
28182,2019-08-09,80075,1110,Signing
28183,2019-08-09,41275,1819,Signing
28184,2019-08-09,24218,1251,Signing
28185,2019-08-09,59867,839,Signing
28186,2019-08-09,80990,839,Signing
28187,2019-08-09,93398,493,Signing
28188,2019-08-09,75882,549,Signing
28189,2019-08-09,92823,549,Signing
28190,2019-08-09,23309,523,Signing
28191,2019-08-09,80565,960,Signing
28192,2019-08-09,152587,503,Signing
28193,2019-08-09,22800,232,Signing
28194,2019-08-09,81317,2051,1393,Transfer
28195,2019-08-09,123875,1393,Signing
28196,2019-08-09,26501,1393,Signing
28197,2019-08-09,152588,1393,Signing
28198,2019-08-09,123813,1394,Signing
28199,2019-08-09,48356,1819,Signing
28200,2019-08-09,59477,1819,Signing
28201,2019-08-09,116176,649,Signing
28202,2019-08-09,32966,458,Signing
28203,2019-08-09,54448,180,707,Transfer
28204,2019-08-09,24807,731,Signing
28205,2019-08-09,25067,959,Signing
28206,2019-08-09,45872,1682,Signing
28207,2019-08-09,70299,2090,Signing
28208,2019-08-09,54325,1039,Signing
28209,2019-08-09,43693,1529,Signing
28210,2019-08-09,94839,1976,Signing
28211,2019-08-09,81300,1759,Signing
28212,2019-08-09,53252,735,461,Transfer
28213,2019-08-09,4324,1070,Signing
28214,2019-08-09,99190,1065,Signing
28215,2019-08-09,32286,1624,Signing
28216,2019-08-09,44100,1983,Signing
28217,2019-08-09,90007,1042,Signing
28218,2019-08-09,81286,48,Signing
28219,2019-08-09,81489,1062,Signing
28220,2019-08-09,103782,1905,Signing
28221,2019-08-09,25171,860,Signing
28222,2019-08-09,101921,860,Signing
28223,2019-08-09,109373,1905,Signing
28224,2019-08-07,22910,1779,Signing
28225,2019-08-07,56969,1892,Signing
28226,2019-08-07,108240,461,Signing
28227,2019-08-07,75868,1021,Signing
28228,2019-08-07,24803,1021,Signing
28229,2019-08-07,49590,1990,Signing
28230,2019-08-07,26984,735,Signing
28231,2019-08-07,31795,791,Signing
28232,2019-08-07,10767,1674,Signing
28233,2019-08-07,27910,592,Signing
28234,2019-08-07,23248,62,Signing
28235,2019-08-07,43498,311,Signing
28236,2019-08-07,27339,311,Signing
28237,2019-08-07,87632,311,Signing
28238,2019-08-07,81273,1376,Signing
28239,2019-08-07,74076,678,Signing
28240,2019-08-07,54071,22,Signing
28241,2019-08-07,90008,721,Signing
28242,2019-08-07,94667,787,Signing
28243,2019-08-07,26916,669,Signing
28244,2019-08-07,28786,724,Signing
28245,2019-08-07,75743,145,Signing
28246,2019-08-07,80272,1605,Signing
28247,2019-08-07,18235,499,Signing
28248,2019-08-07,27601,220,Signing
28249,2019-08-07,6679,185,Signing
28250,2019-08-07,8225,34,Signing
28251,2019-08-07,52814,164,Signing
28252,2019-08-07,25831,1039,Signing
28253,2019-08-07,84097,1529,Signing
28254,2019-08-07,43602,1759,Signing
28255,2019-08-07,152151,825,Signing
28256,2019-08-07,2710,1788,Signing
28257,2019-08-07,39273,1223,Signing
28258,2019-08-07,89141,922,Signing
28259,2019-08-07,76073,678,817,Transfer
28260,2019-08-07,25045,1390,Signing
28261,2019-08-07,57475,725,Signing
28262,2019-08-07,59513,1773,Signing
28263,2019-08-07,118836,701,Signing
28264,2019-08-07,94820,701,Signing
28265,2019-08-07,28621,442,Signing
28266,2019-08-07,98102,1714,Signing
28267,2019-08-07,82716,1719,Signing
28268,2019-08-07,37821,338,Signing
28269,2019-08-06,3750,1713,1915,Transfer
28270,2019-08-06,58281,840,Signing
28271,2019-08-06,28837,45,Signing
28272,2019-08-06,31629,926,Signing
28273,2019-08-06,4153,1688,Signing
28274,2019-08-06,41686,707,Signing
28275,2019-08-06,42717,244,Signing
28276,2019-08-06,110430,1999,Signing
28277,2019-08-06,57924,919,Signing
28278,2019-08-06,25868,847,Signing
28279,2019-08-06,24949,118,Signing
28280,2019-08-06,38415,880,Signing
28281,2019-08-06,57110,1024,Signing
28282,2019-08-06,27156,1398,Signing
28283,2019-08-06,25848,549,Signing
28284,2019-08-06,98566,510,Signing
28285,2019-08-06,73146,589,Signing
28286,2019-08-06,27971,726,Signing
28287,2019-08-06,109093,1024,Signing
28288,2019-08-06,39438,1000,Signing
28289,2019-08-06,16219,1000,Signing
28290,2019-08-06,152065,1022,Signing
28291,2019-08-06,56784,1022,Signing
28292,2019-08-06,79962,489,Signing
28293,2019-08-06,54251,1239,Signing
28294,2019-08-06,25956,16,Signing
28295,2019-08-06,56679,1762,Signing
28296,2019-08-06,22692,1762,Signing
28297,2019-08-06,32085,1398,Signing
28298,2019-08-06,87924,1398,Signing
28299,2019-08-06,28937,1398,Signing
28300,2019-08-06,23612,595,Signing
28301,2019-08-06,97634,980,Signing
28302,2019-08-06,30756,1353,Signing
28303,2019-08-06,29437,377,Signing
28304,2019-08-06,41311,83,476,Transfer
28305,2019-08-06,28036,818,Signing
28306,2019-08-06,58795,1044,Signing
28307,2019-08-06,56863,821,Signing
28308,2019-08-06,83906,730,Signing
28309,2019-08-06,16380,731,Signing
28310,2019-08-06,43298,787,Signing
28311,2019-08-06,59478,1819,Signing
28312,2019-08-06,80608,1407,Signing
28313,2019-08-06,119296,208,1190,Transfer
28314,2019-08-06,152066,1605,Signing
28315,2019-08-06,76153,745,Signing
28316,2019-08-06,54405,980,Signing
28317,2019-08-06,79988,1159,Signing
28318,2019-08-06,41842,1428,Signing
28319,2019-08-06,107044,702,Signing
28320,2019-08-06,28779,458,Signing
28321,2019-08-05,99696,1033,Signing
28322,2019-08-05,111357,1429,Signing
28323,2019-08-05,80981,1247,Signing
28324,2019-08-05,80670,744,Signing
28325,2019-08-05,24710,88,Signing
28326,2019-08-05,58153,817,Signing
28327,2019-08-05,25159,723,Signing
28328,2019-08-05,27434,723,Signing
28329,2019-08-05,1926,26,Signing
28330,2019-08-05,31706,1788,Signing
28331,2019-08-05,14279,1687,Signing
28332,2019-08-05,30478,2052,70,Transfer
28333,2019-08-05,41358,693,Signing
28334,2019-08-05,29532,466,Signing
28335,2019-08-05,25028,621,Signing
28336,2019-08-05,49110,107,Signing
28337,2019-08-05,29405,343,680,Transfer
28338,2019-08-05,22548,835,Signing
28339,2019-08-05,24255,649,Signing
28340,2019-08-05,84859,1592,Signing
28341,2019-08-05,57835,1873,Signing
28342,2019-08-05,8878,1630,Signing
28343,2019-08-05,119870,592,Signing
28344,2019-08-05,28009,678,Signing
28345,2019-08-05,148778,155,Signing
28346,2019-08-05,123329,1752,Signing
28347,2019-08-05,80946,1575,Signing
28348,2019-08-05,81161,1380,Signing
28349,2019-08-05,45256,1714,Signing
28350,2019-08-05,31268,70,Signing
28351,2019-08-05,94545,258,Signing
28352,2019-08-05,94544,9,258,Transfer
28353,2019-08-05,31638,720,Signing
28354,2019-08-05,75785,1783,Signing
28355,2019-08-05,119523,1246,Signing
28356,2019-08-05,42851,855,Signing
28357,2019-08-05,26312,1060,Signing
28358,2019-08-05,38585,977,Signing
28359,2019-08-05,1931,720,Signing
28360,2019-08-05,81298,747,Signing
28361,2019-08-05,87111,205,Signing
28362,2019-08-05,87319,205,Signing
28363,2019-08-05,80978,205,Signing
28364,2019-08-05,80660,745,Signing
28365,2019-08-05,9389,740,Signing
28366,2019-08-05,5713,184,Signing
28367,2019-08-05,27693,32,Signing
28368,2019-08-05,1844,126,Signing
28369,2019-08-03,2382,180,Signing
28370,2019-08-03,30901,739,Signing
28371,2019-08-03,22354,83,Signing
28372,2019-08-03,2398,672,Signing
28373,2019-08-03,42674,1004,Signing
28374,2019-08-03,6598,1062,Signing
28375,2019-08-03,9475,287,Signing
28376,2019-08-03,26477,97,Signing
28377,2019-08-03,23387,796,Signing
28378,2019-08-03,10632,425,Signing
28379,2019-08-03,120316,1864,Signing
28380,2019-08-03,152009,1875,Signing
28381,2019-08-03,43308,2092,Signing
28382,2019-08-03,28048,2077,28,Transfer
28383,2019-08-03,109402,2051,1867,Transfer
28384,2019-08-03,44576,113,Signing
28385,2019-08-03,87240,1753,Signing
28386,2019-08-03,26506,343,Signing
28387,2019-08-03,89159,332,Signing
28388,2019-08-03,29986,70,Signing
28389,2019-08-03,41627,476,Signing
28390,2019-08-03,28239,496,Signing
28391,2019-08-03,28458,442,Signing
28392,2019-08-03,42396,215,Signing
28393,2019-08-03,81245,673,Signing
28394,2019-08-03,31657,56,Signing
28395,2019-08-03,27856,162,Signing
28396,2019-08-03,42083,1428,Signing
28397,2019-08-03,15961,162,Signing
28398,2019-08-03,3157,496,Signing
28399,2019-08-02,144482,806,Signing
28400,2019-08-02,24669,1781,Signing
28401,2019-08-02,16948,26,Signing
28402,2019-08-02,1945,1603,Signing
28403,2019-08-02,18587,98,Signing
28404,2019-08-02,79971,682,Signing
28405,2019-08-02,76138,109,Signing
28406,2019-08-02,108654,100,169,Transfer
28407,2019-08-02,2161,491,Signing
28408,2019-08-02,2371,51,Signing
28409,2019-08-02,31407,640,Signing
28410,2019-08-02,24146,42,Signing
28411,2019-08-02,9732,648,Signing
28412,2019-08-02,9039,355,Signing
28413,2019-08-02,27699,226,Signing
28414,2019-08-02,31774,1693,Signing
28415,2019-08-02,28765,476,Signing
28416,2019-08-02,11236,509,Signing
28417,2019-08-02,2642,9,Signing
28418,2019-08-02,7784,725,Signing
28419,2019-08-02,32776,343,Signing
28420,2019-08-02,2157,28,Signing
28421,2019-08-02,116143,50,Signing
28422,2019-08-01,351,1713,Signing
28423,2019-08-01,9304,339,Signing
28424,2019-08-01,4130,4,Signing
28425,2019-08-01,142935,1040,Signing
28426,2019-08-01,2272,1461,Signing
28427,2019-08-01,41638,343,Signing
28428,2019-08-01,24672,1788,Signing
28429,2019-08-01,496,1712,Signing
28430,2019-08-01,2184,407,Signing
28431,2019-08-01,4223,807,Signing
28432,2019-08-01,46253,656,Signing
28433,2019-08-01,80937,893,Signing
28434,2019-08-01,81059,490,Signing
28435,2019-08-01,53825,171,Signing
28436,2019-08-01,47280,1717,Signing
28437,2019-08-01,121071,2051,2078,Transfer
28438,2019-08-01,42597,155,Signing
28439,2019-08-01,149,791,Signing
28440,2019-08-01,22430,608,Signing
28441,2019-08-01,25914,85,Signing
28442,2019-08-01,11008,134,Signing
28443,2019-08-01,43153,1592,Signing
28444,2019-08-01,127338,800,Signing
28445,2019-08-01,6320,196,Signing
28446,2019-08-01,127355,89,Signing
28447,2019-08-01,49170,1247,Signing
28448,2019-08-01,89212,1178,Signing
28449,2019-08-01,30626,1371,Signing
28450,2019-08-01,48683,682,Signing
28451,2019-08-01,63955,71,Signing
28452,2019-08-01,107581,142,Signing
28453,2019-07-30,14156,742,Signing
28454,2019-07-30,31415,608,Signing
28455,2019-07-30,26757,547,Signing
28456,2019-07-30,57047,806,Signing
28457,2019-07-30,24215,2077,Signing
28458,2019-07-30,44228,209,Signing
28459,2019-07-30,22567,893,Signing
28460,2019-07-30,58105,1858,Signing
28461,2019-07-30,27959,339,Signing
28462,2019-07-30,38479,487,Signing
28463,2019-07-30,151990,1071,Signing
28464,2019-07-30,40816,1810,Signing
28465,2019-07-30,81495,1819,Signing
28466,2019-07-30,42082,877,Signing
28467,2019-07-30,98363,949,1526,Transfer
28468,2019-07-30,25027,1688,Signing
28469,2019-07-30,75896,735,Signing
28470,2019-07-30,57580,839,Signing
28471,2019-07-30,42079,8,Signing
28472,2019-07-30,94491,680,Signing
28473,2019-07-30,24659,1530,Signing
28474,2019-07-30,28038,817,Signing
28475,2019-07-30,29784,459,Signing
28476,2019-07-30,99593,664,Signing
28477,2019-07-30,76157,2092,Signing
28478,2019-07-30,41840,724,Signing
28479,2019-07-30,80598,753,Signing
28480,2019-07-30,25952,737,Signing
28481,2019-07-30,84384,1163,Signing
28482,2019-07-29,24063,15,Signing
28483,2019-07-29,1860,137,Signing
28484,2019-07-29,81090,222,Signing
28485,2019-07-29,22393,142,Signing
28486,2019-07-29,108712,217,Signing
28487,2019-07-29,9264,434,Signing
28488,2019-07-29,56790,695,Signing
28489,2019-07-29,108516,971,Signing
28490,2019-07-29,108315,971,Signing
28491,2019-07-29,30158,734,Signing
28492,2019-07-29,49966,851,Signing
28493,2019-07-29,56942,100,Signing
28494,2019-07-29,13115,800,Signing
28495,2019-07-29,7129,222,Signing
28496,2019-07-29,33074,222,Signing
28497,2019-07-29,43155,608,Signing
28498,2019-07-29,99692,1353,Signing
28499,2019-07-29,24715,88,Signing
28500,2019-07-29,6235,159,Signing
28501,2019-07-29,54836,81,Signing
28502,2019-07-29,42843,1371,Signing
28503,2019-07-28,16887,5,76,Transfer
28504,2019-07-28,28852,802,Signing
28505,2019-07-28,23066,799,457,Transfer
28506,2019-07-28,23547,1247,Signing
28507,2019-07-28,25997,2097,Signing
28508,2019-07-28,123619,1432,Signing
28509,2019-07-28,63966,184,Signing
28510,2019-07-28,77625,661,Signing
28511,2019-07-28,108647,196,Signing
28512,2019-07-28,9573,665,Signing
28513,2019-07-28,24389,682,Signing
28514,2019-07-28,20611,895,Signing
28515,2019-07-28,80387,426,36,Transfer
28516,2019-07-28,43319,1247,Signing
28517,2019-07-28,58106,1234,Signing
28518,2019-07-28,41823,1428,Signing
28519,2019-07-28,40079,1111,Signing
28520,2019-07-28,24070,708,Signing
28521,2019-07-28,151947,83,Signing
28522,2019-07-28,11378,1114,Signing
28523,2019-07-28,24451,865,Signing
28524,2019-07-28,26903,476,70,Transfer
28525,2019-07-28,31153,496,Signing
28526,2019-07-28,97492,3,Signing
28527,2019-07-28,24655,1684,Signing
28528,2019-07-28,332,75,Signing
28529,2019-07-27,28775,196,Signing
28530,2019-07-27,2151,1039,Signing
28531,2019-07-27,24250,509,Signing
28532,2019-07-27,60102,194,Signing
28533,2019-07-27,24752,301,Signing
28534,2019-07-27,44142,842,Signing
28535,2019-07-27,99168,15,807,Transfer
28536,2019-07-27,38378,695,Signing
28537,2019-07-27,39052,929,Signing
28538,2019-07-27,24723,70,Signing
28539,2019-07-27,18952,70,Signing
28540,2019-07-27,1721,2094,Signing
28541,2019-07-27,27720,496,Signing
28542,2019-07-27,9302,222,Signing
28543,2019-07-27,31101,220,Signing
28544,2019-07-27,26515,1765,Signing
28545,2019-07-27,133108,1875,Signing
28546,2019-07-27,1877,539,97,Transfer
28547,2019-07-27,43139,491,Signing
28548,2019-07-27,16336,33,Signing
28549,2019-07-27,42341,579,Signing
28550,2019-07-27,52614,1996,Signing
28551,2019-07-27,81479,2095,Signing
28552,2019-07-27,2657,1247,Signing
28553,2019-07-27,2410,75,182,Transfer
28554,2019-07-27,81020,682,Signing
28555,2019-07-27,98424,182,Signing
28556,2019-07-26,100025,742,Signing
28557,2019-07-26,56664,100,Signing
28558,2019-07-26,42954,680,Signing
28559,2019-07-26,81,310,Signing
28560,2019-07-26,25206,52,137,Transfer
28561,2019-07-26,80387,426,Signing
28562,2019-07-26,43118,196,Signing
28563,2019-07-26,40710,1118,Signing
28564,2019-07-26,12267,33,Signing
28565,2019-07-26,6768,159,Signing
28566,2019-07-26,84802,2052,121,Transfer
28567,2019-07-26,6412,372,Signing
28568,2019-07-26,6486,476,Signing
28569,2019-07-26,126301,1421,Signing
28570,2019-07-26,25000,476,Signing
28571,2019-07-26,41311,83,Signing
28572,2019-07-26,57879,100,Signing
28573,2019-07-26,23443,686,Signing
28574,2019-07-26,81093,1615,Signing
28575,2019-07-26,81494,71,Signing
28576,2019-07-26,57425,682,Signing
28577,2019-07-26,81043,1763,Signing
28578,2019-07-26,4354,97,Signing
28579,2019-07-26,43310,708,Signing
28580,2019-07-26,99168,15,Signing
28581,2019-07-26,33533,753,Signing
28582,2019-07-26,72296,342,Signing
28583,2019-07-26,123717,332,Signing
28584,2019-07-26,39613,439,Signing
28585,2019-07-26,116725,1682,Signing
28586,2019-07-26,39636,1866,Signing
28587,2019-07-26,41707,184,Signing
28588,2019-07-26,81957,1999,Signing
28589,2019-07-26,3787,67,Signing
28590,2019-07-26,10501,661,Signing
28591,2019-07-26,30480,731,Signing
28592,2019-07-26,107003,398,Signing
28593,2019-07-26,27315,194,Signing
28594,2019-07-26,50071,274,Signing
28595,2019-07-26,83991,1500,Signing
28596,2019-07-26,42356,276,Signing
28597,2019-07-26,80278,877,Signing
28598,2019-07-26,3606,577,Signing
28599,2019-07-26,466,1470,Signing
28600,2019-07-26,110245,1875,Signing
28601,2019-07-25,8482,2092,Signing
28602,2019-07-25,80513,172,Signing
28603,2019-07-25,23288,43,Signing
28604,2019-07-25,41395,214,Signing
28605,2019-07-25,24267,577,Signing
28606,2019-07-25,52430,172,Signing
28607,2019-07-25,6722,129,Signing
28608,2019-07-25,5503,1246,Signing
28609,2019-07-25,11664,1248,Signing
28610,2019-07-25,99816,1584,Signing
28611,2019-07-25,75725,463,Signing
28612,2019-07-25,36487,399,Signing
28613,2019-07-25,23740,264,Signing
28614,2019-07-25,76127,339,Signing
28615,2019-07-25,27352,1626,Signing
28616,2019-07-25,1858,43,Signing
28617,2019-07-25,10165,120,134,Transfer
28618,2019-07-25,30147,1040,Signing
28619,2019-07-25,75740,118,Signing
28620,2019-07-25,94536,50,442,Transfer
28621,2019-07-25,90302,442,Signing
28622,2019-07-25,31748,547,Signing
28623,2019-07-25,41406,100,Signing
28624,2019-07-25,1767,802,Signing
28625,2019-07-25,12803,58,Signing
28626,2019-07-25,2178,343,Signing
28627,2019-07-25,6156,806,Signing
28628,2019-07-25,49837,737,Signing
28629,2019-07-25,2429,742,Signing
28630,2019-07-25,81252,919,Signing
28631,2019-07-25,28029,1122,Signing
28632,2019-07-24,23259,343,Signing
28633,2019-07-24,24155,353,Signing
28634,2019-07-24,18146,3,Signing
28635,2019-07-24,26729,85,Signing
28636,2019-07-24,12594,301,Signing
28637,2019-07-24,71432,1908,Signing
28638,2019-07-24,26920,753,Signing
28639,2019-07-24,7555,1028,Signing
28640,2019-07-24,28945,55,Signing
28641,2019-07-24,30527,312,Signing
28642,2019-07-24,6421,798,Signing
28643,2019-07-24,27076,1415,Signing
28644,2019-07-24,80907,1371,Signing
28645,2019-07-24,29841,155,Signing
28646,2019-07-24,8221,129,Signing
28647,2019-07-24,80586,892,Signing
28648,2019-07-24,81236,473,Signing
28649,2019-07-24,2428,421,Signing
28650,2019-07-24,81115,724,Signing
28651,2019-07-24,80071,712,Signing
28652,2019-07-24,39714,1044,Signing
28653,2019-07-24,37975,712,Signing
28654,2019-07-24,15535,960,Signing
28655,2019-07-24,25899,669,Signing
28656,2019-07-23,81076,182,Signing
28657,2019-07-23,57912,654,Signing
28658,2019-07-23,8265,1770,Signing
28659,2019-07-23,30655,1712,Signing
28660,2019-07-23,109333,510,Signing
28661,2019-07-23,27496,342,Signing
28662,2019-07-23,28365,834,Signing
28663,2019-07-23,102334,1989,Signing
28664,2019-07-23,76164,1975,Signing
28665,2019-07-23,56849,1530,Signing
28666,2019-07-23,13470,120,Signing
28667,2019-07-23,26820,97,Signing
28668,2019-07-23,25908,753,Signing
28669,2019-07-23,69903,1065,Signing
28670,2019-07-23,44678,218,Signing
28671,2019-07-23,49609,56,Signing
28672,2019-07-23,42388,338,Signing
28673,2019-07-23,81535,723,Signing
28674,2019-07-23,83993,1991,Signing
28675,2019-07-23,52050,401,Signing
28676,2019-07-23,88464,343,109,Transfer
28677,2019-07-23,80240,745,Signing
28678,2019-07-23,27073,172,Signing
28679,2019-07-22,80293,1810,Signing
28680,2019-07-22,40865,1810,Signing
28681,2019-07-22,22525,669,Signing
28682,2019-07-22,25898,669,Signing
28683,2019-07-22,108342,42,Signing
28684,2019-07-22,26881,1027,Signing
28685,2019-07-22,43382,735,Signing
28686,2019-07-22,22388,1390,Signing
28687,2019-07-22,93568,1415,Signing
28688,2019-07-22,21603,621,Signing
28689,2019-07-22,28216,2088,Signing
28690,2019-07-22,28848,651,Signing
28691,2019-07-22,29807,1617,Signing
28692,2019-07-22,26119,714,Signing
28693,2019-07-22,24692,2077,Signing
28694,2019-07-22,42177,16,Signing
28695,2019-07-22,116711,2090,Signing
28696,2019-07-22,39260,1223,Signing
28697,2019-07-22,28012,5,Signing
28698,2019-07-22,11567,98,Signing
28699,2019-07-22,25150,33,Signing
28700,2019-07-22,31451,2058,Signing
28701,2019-07-22,28587,109,Signing
28702,2019-07-21,45039,31,Signing
28703,2019-07-21,43716,841,Signing
28704,2019-07-21,109755,508,Signing
28705,2019-07-21,43329,1875,Signing
28706,2019-07-21,29943,714,Signing
28707,2019-07-21,76139,80,Signing
28708,2019-07-21,32919,1999,Signing
28709,2019-07-21,87930,1999,Signing
28710,2019-07-21,28741,172,Signing
28711,2019-07-21,56831,1246,Signing
28712,2019-07-21,4197,664,Signing
28713,2019-07-21,24724,669,Signing
28714,2019-07-21,24242,715,Signing
28715,2019-07-21,29792,1687,Signing
28716,2019-07-21,8485,353,Signing
28717,2019-07-21,2566,1765,Signing
28718,2019-07-21,124427,1783,Signing
28719,2019-07-21,6373,339,Signing
28720,2019-07-20,33150,806,Signing
28721,2019-07-20,30401,1461,Signing
28722,2019-07-20,78457,1875,Signing
28723,2019-07-20,28058,860,Signing
28724,2019-07-20,111498,264,Signing
28725,2019-07-20,84828,651,Signing
28726,2019-07-20,39574,1996,Signing
28727,2019-07-20,42182,31,Signing
28728,2019-07-20,41310,953,Signing
28729,2019-07-20,97669,1771,Signing
28730,2019-07-20,28214,1899,Signing
28731,2019-07-20,83973,1533,Signing
28732,2019-07-20,21537,97,Signing
28733,2019-07-20,81200,1980,Signing
28734,2019-07-20,9341,1882,Signing
28735,2019-07-20,52355,1246,Signing
28736,2019-07-19,9272,32,Signing
28737,2019-07-19,24651,1461,Signing
28738,2019-07-19,22379,847,Signing
28739,2019-07-19,28813,1039,Signing
28740,2019-07-19,24226,2077,Signing
28741,2019-07-19,26782,1662,Signing
28742,2019-07-19,3797,15,Signing
28743,2019-07-19,22499,608,Signing
28744,2019-07-19,55947,71,Signing
28745,2019-07-19,41316,684,Signing
28746,2019-07-19,30207,806,Signing
28747,2019-07-19,6413,2091,Signing
28748,2019-07-19,24806,32,Signing
28749,2019-07-19,142657,22,Signing
28750,2019-07-19,22912,651,Signing
28751,2019-07-19,26941,80,Signing
28752,2019-07-19,43862,1626,Signing
28753,2019-07-19,28302,1626,Signing
28754,2019-07-19,778,44,Signing
28755,2019-07-19,108580,697,Signing
28756,2019-07-18,83796,927,Signing
28757,2019-07-18,25872,1255,Signing
28758,2019-07-18,72038,120,Signing
28759,2019-07-18,26857,473,Signing
28760,2019-07-18,10813,739,Signing
28761,2019-07-18,41444,675,Signing
28762,2019-07-18,12831,15,Signing
28763,2019-07-18,29342,2077,Signing
28764,2019-07-18,24246,169,Signing
28765,2019-07-18,80345,725,Signing
28766,2019-07-18,27886,806,Signing
28767,2019-07-18,54306,807,Signing
28768,2019-07-18,41771,2011,Signing
28769,2019-07-18,25060,651,Signing
28770,2019-07-18,26590,1626,Signing
28771,2019-07-18,39982,1626,Signing
28772,2019-07-18,84037,81,806,Transfer
28773,2019-07-18,13504,1355,Signing
28774,2019-07-18,22540,181,Signing
28775,2019-07-18,79871,1418,Signing
28776,2019-07-18,57322,685,Signing
28777,2019-07-17,58223,656,Signing
28778,2019-07-17,8218,806,1039,Transfer
28779,2019-07-17,76115,697,Signing
28780,2019-07-17,20177,893,Signing
28781,2019-07-17,81283,892,Signing
28782,2019-07-17,11000,137,Signing
28783,2019-07-17,88702,685,Signing
28784,2019-07-17,26910,185,Signing
28785,2019-07-17,26507,1375,Signing
28786,2019-07-17,6229,1575,Signing
28787,2019-07-17,106984,98,264,Transfer
28788,2019-07-17,54394,1858,Signing
28789,2019-07-17,29834,134,Signing
28790,2019-07-17,98287,1617,Signing
28791,2019-07-17,53183,1986,Signing
28792,2019-07-17,28079,2077,Signing
28793,2019-07-17,39653,2077,Signing
28794,2019-07-17,85189,1868,Signing
28795,2019-07-17,103566,1042,Signing
28796,2019-07-17,44281,957,Signing
28797,2019-07-17,41582,44,Signing
28798,2019-07-17,30564,18,Signing
28799,2019-07-17,81579,478,Signing
28800,2019-07-17,24725,32,Signing
28801,2019-07-17,81056,120,Signing
28802,2019-07-17,7410,15,Signing
28803,2019-07-17,38874,914,Signing
28804,2019-07-17,80628,727,Signing
28805,2019-07-17,58798,1062,Signing
28806,2019-07-17,1928,1819,Signing
28807,2019-07-16,11607,1118,Signing
28808,2019-07-16,923,937,1780,Transfer
28809,2019-07-16,2685,877,Signing
28810,2019-07-16,9343,648,Signing
28811,2019-07-16,33762,835,Signing
28812,2019-07-16,84329,730,Signing
28813,2019-07-16,27001,1410,Signing
28814,2019-07-16,13522,51,Signing
28815,2019-07-16,53181,1986,Signing
28816,2019-07-16,58968,182,Signing
28817,2019-07-16,42568,721,Signing
28818,2019-07-16,23738,331,425,Transfer
28819,2019-07-16,1914,168,Signing
28820,2019-07-16,55769,1991,Signing
28821,2019-07-16,3528,88,Signing
28822,2019-07-16,28285,93,Signing
28823,2019-07-16,85333,30,Signing
28824,2019-07-15,42640,1247,Signing
28825,2019-07-15,87010,1377,Signing
28826,2019-07-15,84291,683,Signing
28827,2019-07-15,108590,1175,Signing
28828,2019-07-15,52985,1273,Signing
28829,2019-07-15,52974,1273,Signing
28830,2019-07-15,41773,2085,Signing
28831,2019-07-15,97844,1110,Signing
28832,2019-07-15,54310,809,Signing
28833,2019-07-15,26124,2077,Signing
28834,2019-07-15,26541,1694,Signing
28835,2019-07-15,18590,608,Signing
28836,2019-07-15,3655,1758,Signing
28837,2019-07-14,2176,371,Signing
28838,2019-07-14,53997,2083,Signing
28839,2019-07-14,33806,860,Signing
28840,2019-07-14,72654,1420,Signing
28841,2019-07-14,86055,188,Signing
28842,2019-07-14,23208,137,Signing
28843,2019-07-14,28759,5,Signing
28844,2019-07-14,24897,56,Signing
28845,2019-07-14,42310,142,Signing
28846,2019-07-14,1618,4,Signing
28847,2019-07-14,89326,1114,Signing
28848,2019-07-13,24583,669,Signing
28849,2019-07-13,26960,439,Signing
28850,2019-07-13,57789,834,Signing
28851,2019-07-13,28116,602,Signing
28852,2019-07-13,89258,442,Signing
28853,2019-07-13,41836,1163,Signing
28854,2019-07-13,41799,1163,Signing
28855,2019-07-13,30428,649,Signing
28856,2019-07-13,24060,15,Signing
28857,2019-07-13,10160,1122,Signing
28858,2019-07-13,25021,1122,Signing
28859,2019-07-13,4073,434,Signing
28860,2019-07-13,57638,1213,Signing
28861,2019-07-12,28780,339,Signing
28862,2019-07-12,77686,818,Signing
28863,2019-07-12,53085,1530,Signing
28864,2019-07-12,8805,1897,Signing
28865,2019-07-12,50004,1420,Signing
28866,2019-07-12,70755,817,Signing
28867,2019-07-12,107065,673,Signing
28868,2019-07-12,57096,15,Signing
28869,2019-07-12,1619,1040,Signing
28870,2019-07-12,42158,2077,Signing
28871,2019-07-12,809,14,Signing
28872,2019-07-11,80775,1246,Signing
28873,2019-07-11,2200,142,Signing
28874,2019-07-11,26954,1354,Signing
28875,2019-07-11,18899,859,Signing
28876,2019-07-11,121443,85,Signing
28877,2019-07-11,108598,1783,Signing
28878,2019-07-11,10920,834,Signing
28879,2019-07-11,102762,818,Signing
28880,2019-07-11,32567,1223,Signing
28881,2019-07-11,38299,860,Signing
28882,2019-07-11,111975,1786,Signing
28883,2019-07-11,155337,2081,Signing
28884,2019-07-11,38316,2080,Signing
28885,2019-07-11,28754,2080,Signing
28886,2019-07-11,63492,102,Signing
28887,2019-07-11,22830,962,Signing
28888,2019-07-11,27420,162,Signing
28889,2019-07-11,1718,312,Signing
28890,2019-07-11,25152,1402,Signing
28891,2019-07-10,25895,5,Signing
28892,2019-07-10,24912,301,Signing
28893,2019-07-10,72031,1884,Signing
28894,2019-07-10,80753,1223,Signing
28895,2019-07-10,27048,1884,Signing
28896,2019-07-10,31742,1816,850,Transfer
28897,2019-07-10,139510,1688,Signing
28898,2019-07-10,92842,928,Signing
28899,2019-07-10,31371,684,Signing
28900,2019-07-10,5540,1530,Signing
28901,2019-07-10,29434,181,Signing
28902,2019-07-10,2906,16,Signing
28903,2019-07-10,42494,1868,Signing
28904,2019-07-10,84280,1943,Signing
28905,2019-07-10,139031,1098,Signing
28906,2019-07-10,29021,212,Signing
28907,2019-07-10,29657,184,Signing
28908,2019-07-10,84037,81,Signing
28909,2019-07-10,28648,1039,Signing
28910,2019-07-10,24705,805,Signing
28911,2019-07-10,783,126,Signing
28912,2019-07-10,73165,742,Signing
28913,2019-07-10,23936,1451,685,Transfer
28914,2019-07-10,57276,675,Signing
28915,2019-07-09,20564,708,Signing
28916,2019-07-09,10879,18,Signing
28917,2019-07-09,27816,1114,Signing
28918,2019-07-09,80246,469,Signing
28919,2019-07-09,123198,669,Signing
28920,2019-07-09,88504,1500,Signing
28921,2019-07-09,80601,802,Signing
28922,2019-07-09,21727,34,Signing
28923,2019-07-09,93202,928,Signing
28924,2019-07-09,27227,102,Signing
28925,2019-07-09,26596,102,Signing
28926,2019-07-09,56167,962,Signing
28927,2019-07-09,93775,129,Signing
28928,2019-07-09,13138,473,Signing
28929,2019-07-08,26072,134,Signing
28930,2019-07-08,80702,142,Signing
28931,2019-07-08,10105,661,Signing
28932,2019-07-08,42928,355,Signing
28933,2019-07-08,57385,1354,Signing
28934,2019-07-08,104927,651,Signing
28935,2019-07-08,1796,651,Signing
28936,2019-07-08,31429,264,Signing
28937,2019-07-08,7107,1114,Signing
28938,2019-07-08,20288,120,Signing
28939,2019-07-08,31504,1579,Signing
28940,2019-07-08,80389,683,Signing
28941,2019-07-08,109524,1853,Signing
28942,2019-07-08,83907,276,Signing
28943,2019-07-08,39553,1782,Signing
28944,2019-07-08,4037,287,Signing
28945,2019-07-08,57749,301,Signing
28946,2019-07-08,29044,184,Signing
28947,2019-07-08,8482,5,Signing
28948,2019-07-08,58673,1040,Signing
28949,2019-07-08,40467,2006,Signing
28950,2019-07-07,30601,496,Signing
28951,2019-07-07,20242,1120,Signing
28952,2019-07-07,1949,1119,Signing
28953,2019-07-07,23561,1825,2053,Transfer
28954,2019-07-07,24588,9,44,Transfer
28955,2019-07-07,119854,923,Signing
28956,2019-07-07,5787,1120,Signing
28957,2019-07-07,18501,1108,Signing
28958,2019-07-07,40939,1288,Signing
28959,2019-07-07,54578,232,Signing
28960,2019-07-07,23868,146,Signing
28961,2019-07-07,6202,137,Signing
28962,2019-07-07,2388,671,Signing
28963,2019-07-07,1610,580,Signing
28964,2019-07-07,1810,992,Signing
28965,2019-07-07,80950,1885,Signing
28966,2019-07-06,2273,371,120,Transfer
28967,2019-07-06,55326,109,Signing
28968,2019-07-06,141702,1994,Signing
28969,2019-07-06,54544,173,Signing
28970,2019-07-06,26202,708,Signing
28971,2019-07-06,120429,148,Signing
28972,2019-07-06,31004,928,Signing
28973,2019-07-06,9391,421,Signing
28974,2019-07-06,28605,98,Signing
28975,2019-07-06,75903,674,1696,Transfer
28976,2019-07-06,41397,819,Signing
28977,2019-07-05,29456,217,Signing
28978,2019-07-05,80554,845,Signing
28979,2019-07-05,27710,172,Signing
28980,2019-07-05,24834,209,Signing
28981,2019-07-05,40910,209,Signing
28982,2019-07-05,24693,489,Signing
28983,2019-07-05,27040,102,Signing
28984,2019-07-05,34317,1178,Signing
28985,2019-07-05,73744,71,Signing
28986,2019-07-05,27164,181,Signing
28987,2019-07-05,44622,678,Signing
28988,2019-07-05,44254,1763,Signing
28989,2019-07-05,6914,649,Signing
28990,2019-07-05,44076,164,Signing
28991,2019-07-05,98683,712,Signing
28992,2019-07-05,151539,1110,Signing
28993,2019-07-05,111062,1110,Signing
28994,2019-07-05,26953,855,Signing
28995,2019-07-05,90410,961,Signing
28996,2019-07-05,9303,89,Signing
28997,2019-07-05,42815,1683,Signing
28998,2019-07-05,1651,10,Signing
28999,2019-07-05,80920,1259,Signing
29000,2019-07-05,12047,673,51,Transfer
29001,2019-07-04,24762,42,Signing
29002,2019-07-04,30289,67,Signing
29003,2019-07-04,19961,1068,Signing
29004,2019-07-04,76274,3,Signing
29005,2019-07-04,42238,510,Signing
29006,2019-07-04,133734,134,Signing
29007,2019-07-04,31272,214,Signing
29008,2019-07-04,31179,498,Signing
29009,2019-07-04,12047,673,Signing
29010,2019-07-04,43325,58,Signing
29011,2019-07-04,6196,1779,Signing
29012,2019-07-04,29176,1114,Signing
29013,2019-07-04,23641,1028,Signing
29014,2019-07-04,24175,165,Signing
29015,2019-07-04,24648,168,Signing
29016,2019-07-04,2567,23,Signing
29017,2019-07-04,69258,109,Signing
29018,2019-07-04,22629,1765,Signing
29019,2019-07-04,26181,26,Signing
29020,2019-07-04,26002,184,Signing
29021,2019-07-04,71591,510,Signing
29022,2019-07-04,23553,182,Signing
29023,2019-07-04,2602,1039,Signing
29024,2019-07-04,120954,802,Signing
29025,2019-07-03,28956,44,Signing
29026,2019-07-03,2280,355,Signing
29027,2019-07-03,99320,1993,Signing
29028,2019-07-03,32468,492,Signing
29029,2019-07-03,108594,83,Signing
29030,2019-07-03,76089,492,Signing
29031,2019-07-03,23761,1662,Signing
29032,2019-07-03,52692,1570,Signing
29033,2019-07-03,30744,1975,Signing
29034,2019-07-03,23200,891,Signing
29035,2019-07-03,79723,889,Signing
29036,2019-07-03,26199,1783,Signing
29037,2019-07-03,14389,422,Signing
29038,2019-07-03,25970,1028,Signing
29039,2019-07-03,3897,661,Signing
29040,2019-07-03,825,661,Signing
29041,2019-07-03,95013,129,Signing
29042,2019-07-03,358,129,Signing
29043,2019-07-03,75601,673,Signing
29044,2019-07-03,8160,1108,Signing
29045,2019-07-03,4806,1390,Signing
29046,2019-07-03,32774,342,Signing
29047,2019-07-03,24272,1040,Signing
29048,2019-07-03,55459,97,Signing
29049,2019-07-03,58245,1255,Signing
29050,2019-07-02,12952,159,Signing
29051,2019-07-02,30566,461,Signing
29052,2019-07-02,49276,478,Signing
29053,2019-07-02,1628,23,Signing
29054,2019-07-02,85095,469,Signing
29055,2019-07-02,25875,169,Signing
29056,2019-07-02,54275,1371,Signing
29057,2019-07-02,109606,1533,Signing
29058,2019-07-02,73368,819,Signing
29059,2019-07-02,140057,1410,Signing
29060,2019-07-02,57506,97,Signing
29061,2019-07-02,2282,661,Signing
29062,2019-07-02,29102,83,Signing
29063,2019-07-02,139618,1619,Signing
29064,2019-07-02,18090,434,Signing
29065,2019-07-02,7471,500,Signing
29066,2019-07-02,111130,7,Signing
29067,2019-07-02,40004,1122,Signing
29068,2019-07-02,41714,1122,Signing
29069,2019-07-02,24588,9,Signing
29070,2019-07-02,1636,421,Signing
29071,2019-07-02,29440,343,Signing
29072,2019-07-02,56794,1353,Signing
29073,2019-07-02,81536,1353,Signing
29074,2019-07-02,54146,1706,Signing
29075,2019-07-01,30062,1388,Signing
29076,2019-07-01,29306,100,Signing
29077,2019-07-01,127083,1772,Signing
29078,2019-07-01,83226,194,Signing
29079,2019-07-01,46147,194,Signing
29080,2019-07-01,29594,137,Signing
29081,2019-07-01,1811,685,Signing
29082,2019-07-01,1831,28,Signing
29083,2019-07-01,26112,181,Signing
29084,2019-07-01,22496,182,Signing
29085,2019-06-30,73395,89,Signing
29086,2019-06-30,109496,1975,Signing
29087,2019-06-30,28626,1899,Signing
29088,2019-06-30,6562,1899,Signing
29089,2019-06-30,95107,1899,Signing
29090,2019-06-30,26200,813,Signing
29091,2019-06-30,122595,1500,Signing
29092,2019-06-30,49165,805,Signing
29093,2019-06-30,26212,279,Signing
29094,2019-06-30,88004,1398,Signing
29095,2019-06-30,30679,32,Signing
29096,2019-06-30,9276,23,Signing
29097,2019-06-30,18595,547,Signing
29098,2019-06-30,27085,58,Signing
29099,2019-06-29,3956,89,Signing
29100,2019-06-29,26523,807,Signing
29101,2019-06-29,26544,457,Signing
29102,2019-06-29,26102,496,Signing
29103,2019-06-29,57169,75,109,Transfer
29104,2019-06-29,132669,2007,Signing
29105,2019-06-29,27555,1418,Signing
29106,2019-06-29,22408,423,Signing
29107,2019-06-29,80506,1261,Signing
29108,2019-06-29,81049,120,Signing
29109,2019-06-29,4380,180,Signing
29110,2019-06-29,29563,1706,Signing
29111,2019-06-29,30263,1108,Signing
29112,2019-06-29,15384,222,Signing
29113,2019-06-29,27876,212,Signing
29114,2019-06-29,131,675,Signing
29115,2019-06-29,28048,2077,Signing
29116,2019-06-29,58639,45,Signing
29117,2019-06-29,11038,737,Signing
29118,2019-06-29,26241,33,Signing
29119,2019-06-29,56839,686,Signing
29120,2019-06-29,2436,10,Signing
29121,2019-06-29,10176,34,Signing
29122,2019-06-28,2433,343,Signing
29123,2019-06-28,38534,805,Signing
29124,2019-06-28,37883,1261,Signing
29125,2019-06-28,24786,134,Signing
29126,2019-06-28,81002,687,Signing
29127,2019-06-28,23908,1579,Signing
29128,2019-06-28,82914,1763,Signing
29129,2019-06-28,54266,1575,Signing
29130,2019-06-28,29396,1377,Signing
29131,2019-06-28,10632,935,Signing
29132,2019-06-28,97274,1683,Signing
29133,2019-06-28,92539,1062,Signing
29134,2019-06-28,120032,1858,Signing
29135,2019-06-28,76004,27,Signing
29136,2019-06-28,22543,654,Signing
29137,2019-06-28,29022,1040,Signing
29138,2019-06-28,128610,671,Signing
29139,2019-06-27,9267,23,Signing
29140,2019-06-27,57162,342,Signing
29141,2019-06-27,10703,112,Signing
29142,2019-06-27,39662,52,Signing
29143,2019-06-27,25206,52,Signing
29144,2019-06-27,29597,146,Signing
29145,2019-06-27,43625,675,Signing
29146,2019-06-27,76094,36,Signing
29147,2019-06-27,1064,584,Signing
29148,2019-06-27,20,129,Signing
29149,2019-06-27,78599,2008,Signing
29150,2019-06-27,1661,184,Signing
29151,2019-06-27,92751,809,Signing
29152,2019-06-27,116765,137,Signing
29153,2019-06-27,76093,509,Signing
29154,2019-06-27,82304,707,Signing
29155,2019-06-27,27216,491,Signing
29156,2019-06-27,31848,654,Signing
29157,2019-06-27,29009,342,Signing
29158,2019-06-26,23432,1706,Signing
29159,2019-06-26,70449,128,Signing
29160,2019-06-26,31553,1998,Signing
29161,2019-06-26,26097,134,Signing
29162,2019-06-26,28367,1190,Signing
29163,2019-06-26,27181,1388,Signing
29164,2019-06-26,43786,312,Signing
29165,2019-06-26,35186,1377,Signing
29166,2019-06-26,11011,58,Signing
29167,2019-06-26,25773,457,Signing
29168,2019-06-26,5991,497,Signing
29169,2019-06-26,39592,22,Signing
29170,2019-06-26,118170,1041,Signing
29171,2019-06-26,102874,396,Signing
29172,2019-06-26,10885,181,Signing
29173,2019-06-26,54450,180,Signing
29174,2019-06-26,93177,36,Signing
29175,2019-06-26,32757,182,Signing
29176,2019-06-26,105847,89,Signing
29177,2019-06-25,26972,491,Signing
29178,2019-06-25,24795,137,Signing
29179,2019-06-25,80295,1071,Signing
29180,2019-06-25,26539,279,Signing
29181,2019-06-25,32928,126,Signing
29182,2019-06-25,26106,180,Signing
29183,2019-06-25,53031,109,Signing
29184,2019-06-25,138525,509,Signing
29185,2019-06-25,80374,1217,Signing
29186,2019-06-25,150325,1030,Signing
29187,2019-06-25,50711,396,Signing
29188,2019-06-25,144844,1998,Signing
29189,2019-06-25,81884,121,Signing
29190,2019-06-25,39582,164,Signing
29191,2019-06-25,75688,1371,Signing
29192,2019-06-25,53031,71,Signing
29193,2019-06-25,24895,1040,Signing
29194,2019-06-25,2307,16,Signing
29195,2019-06-25,27022,134,Signing
29196,2019-06-25,54315,1662,276,Transfer
29197,2019-06-25,94502,52,Signing
29198,2019-06-24,25944,137,Signing
29199,2019-06-24,58950,497,Signing
29200,2019-06-24,109344,143,Signing
29201,2019-06-24,22618,25,Signing
29202,2019-06-24,30741,185,Signing
29203,2019-06-24,8347,8,Signing
29204,2019-06-24,48896,1858,Signing
29205,2019-06-24,59452,458,Signing
29206,2019-06-24,57295,469,Signing
29207,2019-06-24,64200,71,Signing
29208,2019-06-24,27113,801,Signing
29209,2019-06-24,122491,1778,Signing
29210,2019-06-24,26109,180,Signing
29211,2019-06-24,26847,1039,Signing
29212,2019-06-24,42651,1238,Signing
29213,2019-06-24,26849,212,Signing
29214,2019-06-24,27743,802,Signing
29215,2019-06-24,29276,806,Signing
29216,2019-06-23,13301,4,Signing
29217,2019-06-23,21034,58,Signing
29218,2019-06-23,81582,143,Signing
29219,2019-06-23,73422,807,Signing
29220,2019-06-23,27638,813,Signing
29221,2019-06-23,20457,809,Signing
29222,2019-06-23,25925,129,Signing
29223,2019-06-22,15905,807,Signing
29224,2019-06-22,72662,338,Signing
29225,2019-06-22,56957,1753,Signing
29226,2019-06-22,56497,264,Signing
29227,2019-06-22,59016,914,Signing
29228,2019-06-22,13490,1377,Signing
29229,2019-06-22,75723,276,Signing
29230,2019-06-22,2306,85,Signing
29231,2019-06-22,23918,695,Signing
29232,2019-06-22,56285,71,Signing
29233,2019-06-22,32428,1885,Signing
29234,2019-06-22,30386,182,Signing
29235,2019-06-22,57424,1355,Signing
29236,2019-06-22,465,209,Signing
29237,2019-06-22,27992,182,Signing
29238,2019-06-22,151463,1533,Signing
29239,2019-06-22,87723,155,Signing
29240,2019-06-22,58051,1028,Signing
29241,2019-06-22,121202,1664,Signing
29242,2019-06-22,24300,686,Signing
29243,2019-06-22,120911,682,Signing
29244,2019-06-22,45134,1530,Signing
29245,2019-06-22,21838,1763,Signing
29246,2019-06-22,26502,1575,Signing
29247,2019-06-22,59770,1259,Signing
29248,2019-06-22,108822,56,Signing
29249,2019-06-22,57344,1991,Signing
29250,2019-06-22,59601,1775,Signing
29251,2019-06-22,98544,1778,Signing
29252,2019-06-22,24780,352,Signing
29253,2019-06-22,121965,653,Signing
29254,2019-06-22,25776,118,Signing
29255,2019-06-22,28632,1983,Signing
29256,2019-06-22,75756,274,Signing
29257,2019-06-22,85417,1074,Signing
29258,2019-06-22,29339,169,Signing
29259,2019-06-22,42367,1526,Signing
29260,2019-06-22,42997,961,Signing
29261,2019-06-22,59846,934,Signing
29262,2019-06-22,29108,653,Signing
29263,2019-06-22,27599,737,Signing
29264,2019-06-22,28627,434,Signing
29265,2019-06-22,42649,143,Signing
29266,2019-06-22,5238,914,Signing
29267,2019-06-22,65576,1694,Signing
29268,2019-06-22,72637,801,Signing
29269,2019-06-20,26528,28,Signing
29270,2019-06-20,26090,150,Signing
29271,2019-06-20,103525,673,Signing
29272,2019-06-20,54258,208,Signing
29273,2019-06-20,21477,821,Signing
29274,2019-06-20,32683,43,Signing
29275,2019-06-20,27738,276,Signing
29276,2019-06-20,28298,352,Signing
29277,2019-06-20,25963,16,Signing
29278,2019-06-20,80979,680,Signing
29279,2019-06-20,30239,1694,Signing
29280,2019-06-20,89288,1771,Signing
29281,2019-06-20,50075,307,648,Transfer
29282,2019-06-20,33644,342,Signing
29283,2019-06-20,42064,150,Signing
29284,2019-06-20,32765,695,Signing
29285,2019-06-20,10056,1775,Signing
29286,2019-06-20,58433,1398,Signing
29287,2019-06-20,116041,1532,Signing
29288,2019-06-20,29048,730,Signing
29289,2019-06-20,26279,1899,Signing
29290,2019-06-20,26527,2005,Signing
29291,2019-06-20,94604,1604,Signing
29292,2019-06-20,26110,801,Signing
29293,2019-06-20,28103,1771,Signing
29294,2019-06-20,28043,457,Signing
29295,2019-06-20,57390,1217,Signing
29296,2019-06-20,52651,1190,Signing
29297,2019-06-20,27477,498,Signing
29298,2019-06-20,98480,825,Signing
29299,2019-06-20,109739,1041,Signing
29300,2019-06-20,39702,651,Signing
29301,2019-06-19,2545,312,Signing
29302,2019-06-19,9412,1246,Signing
29303,2019-06-19,93759,16,Signing
29304,2019-06-19,57169,75,Signing
29305,2019-06-19,119334,1354,Signing
29306,2019-06-19,32788,1354,Signing
29307,2019-06-19,43934,1863,Signing
29308,2019-06-19,40980,408,Signing
29309,2019-06-19,32153,1990,Signing
29310,2019-06-19,9731,492,Signing
29311,2019-06-19,26795,8,Signing
29312,2019-06-19,75605,220,Signing
29313,2019-06-19,26559,975,Signing
29314,2019-06-19,49275,81,Signing
29315,2019-06-19,26524,142,5,Transfer
29316,2019-06-19,24824,134,Signing
29317,2019-06-19,60370,1630,Signing
29318,2019-06-19,23915,1098,Signing
29319,2019-06-19,53,310,Signing
29320,2019-06-18,28300,877,Signing
29321,2019-06-18,27972,1000,489,Transfer
29322,2019-06-18,42547,796,Signing
29323,2019-06-18,39694,595,Signing
29324,2019-06-18,22338,687,Signing
29325,2019-06-18,85091,1975,Signing
29326,2019-06-18,6592,1683,Signing
29327,2019-06-18,3973,1240,432,Transfer
29328,2019-06-18,40340,432,1240,Transfer
29329,2019-06-18,40311,432,1240,Transfer
29330,2019-06-18,108131,432,1240,Transfer
29331,2019-06-18,59459,220,Signing
29332,2019-06-18,97564,1782,Signing
29333,2019-06-18,23974,1236,Signing
29334,2019-06-18,1712,44,Signing
29335,2019-06-18,103892,310,Signing
29336,2019-06-18,23548,180,Signing
29337,2019-06-18,53913,802,Signing
29338,2019-06-18,53418,791,Signing
29339,2019-06-18,30295,1098,Signing
29340,2019-06-17,32865,33,Signing
29341,2019-06-17,26546,50,Signing
29342,2019-06-17,26101,44,Signing
29343,2019-06-17,29730,155,Signing
29344,2019-06-17,97458,829,Signing
29345,2019-06-17,42561,686,Signing
29346,2019-06-17,54531,653,Signing
29347,2019-06-17,24371,1040,Signing
29348,2019-06-17,24594,1418,Signing
29349,2019-06-17,14028,58,809,Transfer
29350,2019-06-16,41436,126,Signing
29351,2019-06-16,15071,547,Signing
29352,2019-06-16,111076,121,Signing
29353,2019-06-16,41649,89,Signing
29354,2019-06-16,44524,1991,Signing
29355,2019-06-16,26524,142,Signing
29356,2019-06-15,110517,1179,Signing
29357,2019-06-15,98044,1584,Signing
29358,2019-06-15,28946,1234,Signing
29359,2019-06-15,3741,794,Signing
29360,2019-06-15,2574,791,Signing
29361,2019-06-15,9359,4,Signing
29362,2019-06-14,43302,1683,Signing
29363,2019-06-14,29692,150,Signing
29364,2019-06-14,33310,793,Signing
29365,2019-06-14,29630,793,Signing
29366,2019-06-14,75511,71,Signing
29367,2019-06-14,32869,61,Signing
29368,2019-06-14,18598,411,1213,Transfer
29369,2019-06-14,22874,1479,Signing
29370,2019-06-14,25057,473,Signing
29371,2019-06-14,5389,721,Signing
29372,2019-06-14,97845,687,Signing
29373,2019-06-14,90868,97,Signing
29374,2019-06-14,20396,155,Signing
29375,2019-06-13,45001,9,Signing
29376,2019-06-13,10876,1247,Signing
29377,2019-06-13,141916,1925,Signing
29378,2019-06-13,27492,726,Signing
29379,2019-06-13,32742,913,Signing
29380,2019-06-13,2423,89,Signing
29381,2019-06-13,105848,1925,Signing
29382,2019-06-13,120633,98,Signing
29383,2019-06-13,75720,1771,Signing
29384,2019-06-13,116079,15,Signing
29385,2019-06-13,30685,1771,Signing
29386,2019-06-13,58053,640,Signing
29387,2019-06-13,24059,56,Signing
29388,2019-06-13,27829,1679,Signing
29389,2019-06-13,64087,1679,Signing
29390,2019-06-13,52966,1040,Signing
29391,2019-06-12,38344,1706,Signing
29392,2019-06-12,22614,490,Signing
29393,2019-06-12,26986,1674,Signing
29394,2019-06-12,110513,1530,Signing
29395,2019-06-12,25897,15,Signing
29396,2019-06-12,128519,1772,Signing
29397,2019-06-12,142702,1772,Signing
29398,2019-06-12,53163,955,Signing
29399,2019-06-12,32055,490,Signing
29400,2019-06-12,42244,401,Signing
29401,2019-06-12,43411,401,Signing
29402,2019-06-12,90403,675,Signing
29403,2019-06-12,108847,169,Signing
29404,2019-06-12,23411,1371,Signing
29405,2019-06-12,57734,1380,Signing
29406,2019-06-12,8335,98,Signing
29407,2019-06-12,119443,476,Signing
29408,2019-06-12,42327,189,Signing
29409,2019-06-12,22609,1765,Signing
29410,2019-06-12,99316,1376,Signing
29411,2019-06-12,54246,222,Signing
29412,2019-06-12,4001,89,Signing
29413,2019-06-12,108742,32,Signing
29414,2019-06-12,25825,43,Signing
29415,2019-06-12,54203,150,Signing
29416,2019-06-12,75526,1259,Signing
29417,2019-06-12,38045,1399,Signing
29418,2019-06-12,26751,716,Signing
29419,2019-06-12,27159,1688,Signing
29420,2019-06-12,39523,489,Signing
29421,2019-06-12,17608,794,Signing
29422,2019-06-12,81614,791,Signing
29423,2019-06-12,33096,799,Signing
29424,2019-06-12,108658,1933,Signing
29425,2019-06-12,118969,1933,Signing
29426,2019-06-12,26171,1674,Signing
29427,2019-06-12,108551,1051,Signing
29428,2019-06-12,54261,1377,Signing
29429,2019-06-12,8480,142,Signing
29430,2019-06-12,83188,1371,Signing
29431,2019-06-12,29991,476,Signing
29432,2019-06-10,9741,214,Signing
29433,2019-06-10,54131,974,Signing
29434,2019-06-10,28041,490,Signing
29435,2019-06-10,75903,674,Signing
29436,2019-06-09,145778,1073,Signing
29437,2019-06-09,26030,186,Signing
29438,2019-06-09,52316,186,Signing
29439,2019-06-09,6093,85,Signing
29440,2019-06-09,57731,71,1178,Transfer
29441,2019-06-09,109618,955,Signing
29442,2019-06-09,120926,180,Signing
29443,2019-06-09,33612,974,Signing
29444,2019-06-09,108358,974,Signing
29445,2019-06-09,54539,854,Signing
29446,2019-06-09,4071,44,23,Transfer
29447,2019-06-09,24081,51,Signing
29448,2019-06-08,20759,674,Signing
29449,2019-06-08,11538,798,Signing
29450,2019-06-08,75671,217,Signing
29451,2019-06-08,20566,69,Signing
29452,2019-06-08,49856,1394,Signing
29453,2019-06-08,110632,2027,Signing
29454,2019-06-08,24836,2027,Signing
29455,2019-06-08,47759,2027,Signing
29456,2019-06-08,41609,800,Signing
29457,2019-06-08,58427,1399,Signing
29458,2019-06-08,117643,2058,Signing
29459,2019-06-08,127355,1932,Signing
29460,2019-06-08,2701,274,Signing
29461,2019-06-08,58765,1533,Signing
29462,2019-06-08,122545,686,Signing
29463,2019-06-07,29636,1989,Signing
29464,2019-06-07,58438,1435,Signing
29465,2019-06-07,37874,1575,Signing
29466,2019-06-07,29090,50,Signing
29467,2019-06-07,25768,145,Signing
29468,2019-06-07,33068,790,Signing
29469,2019-06-07,131310,410,Signing
29470,2019-06-07,98070,410,Signing
29471,2019-06-07,30655,1075,Signing
29472,2019-06-07,40770,1072,Signing
29473,2019-06-07,54554,607,Signing
29474,2019-06-07,80367,716,Signing
29475,2019-06-07,24654,674,Signing
29476,2019-06-07,81401,716,Signing
29477,2019-06-07,80077,342,Signing
29478,2019-06-07,26111,43,Signing
29479,2019-06-07,25523,1246,500,Transfer
29480,2019-06-07,1877,276,539,Transfer
29481,2019-06-06,54628,1393,Signing
29482,2019-06-06,99833,1975,Signing
29483,2019-06-06,29409,679,Signing
29484,2019-06-06,94497,181,1570,Transfer
29485,2019-06-06,26517,1278,Signing
29486,2019-06-06,10165,120,Signing
29487,2019-06-06,47713,654,Signing
29488,2019-06-06,42060,18,Signing
29489,2019-06-06,29374,168,Signing
29490,2019-06-06,10588,2049,Signing
29491,2019-06-06,29614,45,Signing
29492,2019-06-05,62274,181,Signing
29493,2019-06-05,32644,61,Signing
29494,2019-06-05,39364,1025,Signing
29495,2019-06-05,108764,150,81,Transfer
29496,2019-06-05,49561,15,Signing
29497,2019-06-05,25384,222,Signing
29498,2019-06-05,28282,608,Signing
29499,2019-06-04,31910,473,161,Transfer
29500,2019-06-04,28488,172,8,Transfer
29501,2019-06-04,25385,800,Signing
29502,2019-06-04,54559,798,Signing
29503,2019-06-04,24888,798,Signing
29504,2019-06-04,50114,1281,Signing
29505,2019-06-04,27063,1085,Signing
29506,2019-06-04,151209,684,Signing
29507,2019-06-04,87305,678,1376,Transfer
29508,2019-06-04,26569,1706,Signing
29509,2019-06-03,41623,678,Signing
29510,2019-06-03,44105,155,682,Transfer
29511,2019-06-03,43570,155,682,Transfer
29512,2019-06-03,9285,1353,343,Transfer
29513,2019-06-03,9749,23,Signing
29514,2019-06-03,3631,539,Signing
29515,2019-06-03,1877,276,539,Transfer
29516,2019-06-03,9580,1070,1127,Transfer
29517,2019-06-03,1728,539,Exit
29518,2019-06-03,6681,539,Exit
29519,2019-06-03,42783,168,214,Transfer
29520,2019-06-03,29626,312,791,Transfer
29521,2019-06-03,3564,490,Signing
29522,2019-06-03,42488,674,Signing
29523,2019-06-03,27194,58,Signing
29524,2019-06-02,38540,1025,Signing
29525,2019-06-02,81130,977,Signing
29526,2019-06-02,52673,977,Signing
29527,2019-06-02,49347,953,Signing
29528,2019-06-02,5724,382,Signing
29529,2019-06-02,71571,802,58,Transfer
29530,2019-06-02,25038,16,52,Transfer
29531,2019-06-01,19803,794,Signing
29532,2019-06-01,33260,687,Signing
