3645,1344,3645
3646,697,3646
3647,1389,3647
3648,794,3648
3649,1351,3649
3650,1343,3650
3651,1351,3651
3652,569,3652
3653,1579,3653
3654,922,3654
3655,1389,3655
3656,1216,3656
3657,927,3657
3658,461,3658
3659,490,3659
3660,796,3660
3661,592,3661
3662,1353,3662
3663,682,3663
3664,15,3664
3665,1324,3665
3666,1108,3666
3667,129,3667
3668,155,3668
3669,1533,3669
3670,490,3670
3671,146,3671
3672,266,3672
3673,490,3673
3674,687,3674
3675,109,3675
3676,478,3676
3677,407,3677
3678,1355,3678
3679,673,3679
3680,675,3680
3681,992,3681
3682,129,3682
3683,1231,3683
3684,687,3684
3685,1375,3685
3686,1376,3686
3687,684,3687
3688,1585,3688
3689,1025,3689
3690,496,3690
3691,8,3691
3692,1380,3692
3693,1248,3693
3694,1378,3694
3695,155,3695
3696,675,3696
3697,1021,3697
3698,1570,3698
3699,865,3699
3700,1231,3700
3701,142,3701
3702,28,3702
3703,469,3703
3704,1025,3704
3705,469,3705
3706,469,3706
3707,469,3707
3708,469,3708
3709,469,3709
3710,1393,3710
3711,1393,3711
3712,1337,3712
3713,981,3713
3714,1464,3714
3715,469,3715
3716,1337,3716
3717,97,3717
3718,146,3718
3719,15,3719
3720,151,3720
3721,662,3721
3722,933,3722
3723,1379,3723
3724,307,3724
3725,1572,3725
3726,684,3726
3727,182,3727
3728,109,3728
3729,89,3729
3730,196,3730
3731,196,3731
3732,1353,3732
3733,1375,3733
3734,1380,3734
3735,859,3735
3736,1220,3736
3737,287,3737
3738,793,3738
3739,621,3739
3740,1236,3740
3741,1075,3741
3742,957,3742
3743,33,3743
3744,52,3744
3745,1376,3745
3746,1380,3746
3747,170,3747
3748,1025,3748
3749,744,3749
3750,266,3750
3751,23,3751
3752,1380,3752
3753,287,3753
3754,935,3754
3755,18,3755
3756,71,3756
3757,71,3757
3758,71,3758
3759,71,3759
3760,9,3760
3761,1585,3761
3762,1218,3762
3763,5,3763
3764,327,3764
3765,1240,3765
3766,9,3766
3767,1376,3767
3768,1572,3768
3769,1175,3769
3770,9,3770
3771,75,3771
3772,18,3772
3773,708,3773
3774,1240,3774
3775,985,3775
3776,547,3776
3777,1219,3777
3778,266,3778
3779,913,3779
3780,1075,3780
3781,1376,3781
3782,170,3782
3783,529,3783
3784,1074,3784
3785,654,3785
3786,1572,3786
3787,717,3787
3788,312,3788
3789,312,3789
3790,662,3790
3791,798,3791
3792,683,3792
3793,1345,3793
3794,1342,3794
3795,1336,3795
3796,8,3796
3797,8,3797
3798,684,3798
3799,684,3799
3800,1219,3800
3801,71,3801
3802,830,3802
3803,957,3803
3804,1178,3804
3805,1379,3805
3806,1206,3806
3807,4,3807
3808,251,3808
3809,888,3809
3810,410,3810
3811,529,3811
3812,216,3812
3813,1389,3813
3814,935,3814
3815,8,3815
3816,97,3816
3817,33,3817
3818,1068,3818
3819,809,3819
3820,1620,3820
3821,432,3821
3822,923,3822
3823,127,3823
3824,1075,3824
3825,5,3825
3826,988,3826
3827,1130,3827
3828,411,3828
3829,34,3829
3830,18,3830
3831,97,3831
3832,380,3832
3833,669,3833
3834,168,3834
3835,509,3835
3836,987,3836
3837,983,3837
3838,1129,3838
3839,1129,3839
3840,411,3840
3841,431,3841
3842,1620,3842
3843,342,3843
3844,1417,3844
3845,1355,3845
3846,895,3846
3847,380,3847
3848,813,3848
3849,12,3849
3850,184,3850
3851,168,3851
3852,380,3852
3853,988,3853
3854,18,3854
3855,128,3855
3856,380,3856
3857,473,3857
3858,173,3858
3859,649,3859
3860,430,3860
3861,1130,3861
3862,1244,3862
3863,204,3863
3864,204,3864
3865,1069,3865
3866,410,3866
3867,136,3867
3868,1075,3868
3869,1432,3869
3870,222,3870
3871,331,3871
3872,241,3872
3873,241,3873
3874,380,3874
3875,155,3875
3876,155,3876
3877,331,3877
3878,473,3878
3879,1642,3879
3880,1115,3880
3881,868,3881
3882,189,3882
3883,1289,3883
3884,1128,3884
3885,895,3885
3886,901,3886
3887,649,3887
3888,485,3888
3889,1618,3889
3890,1004,3890
3891,686,3891
3892,1435,3892
3893,399,3893
3894,1618,3894
3895,1435,3895
3896,530,3896
3897,1278,3897
3898,1653,3898
3899,1249,3899
3900,530,3900
3901,539,3901
3902,1383,3902
3903,1074,3903
3904,161,3904
3905,1072,3905
3906,737,3906
3907,737,3907
3908,737,3908
3909,806,3909
3910,664,3910
3911,1402,3911
3912,881,3912
3913,881,3913
3914,1278,3914
3915,1415,3915
3916,1533,3916
3917,218,3917
3918,682,3918
3919,1225,3919
3920,529,3920
3921,452,3921
3922,487,3922
3923,1238,3923
3924,1102,3924
3925,1460,3925
3926,434,3926
3927,924,3927
3928,276,3928
3929,695,3929
3930,796,3930
3931,1480,3931
3932,1467,3932
3933,1467,3933
3934,171,3934
3935,27,3935
3936,185,3936
3937,537,3937
3938,1130,3938
3939,537,3939
3940,557,3940
3941,398,3941
3942,30,3942
3943,716,3943
3944,557,3944
3945,933,3945
3946,339,3946
3947,1399,3947
3948,307,3948
3949,798,3949
3950,245,3950
3951,798,3951
3952,807,3952
3953,707,3953
3954,1119,3954
3955,1389,3955
3956,794,3956
3957,85,3957
3958,796,3958
3959,1204,3959
3960,530,3960
3961,933,3961
3962,933,3962
3963,877,3963
3964,713,3964
3965,1653,3965
3966,62,3966
3967,75,3967
3968,530,3968
3969,1653,3969
3970,537,3970
3971,307,3971
3972,307,3972
3973,1653,3973
3974,1127,3974
3975,569,3975
3976,152,3976
3977,45,3977
3978,853,3978
3979,473,3979
3980,152,3980
3981,136,3981
3982,1068,3982
3983,279,3983
3984,1617,3984
3985,524,3985
3986,524,3986
3987,170,3987
3988,173,3988
3989,75,3989
3990,1070,3990
3991,682,3991
3992,1074,3992
3993,539,3993
3994,274,3994
3995,674,3995
3996,245,3996
3997,1238,3997
3998,1129,3998
3999,97,3999
4000,97,4000
4001,557,4001
4002,1099,4002
4003,238,4003
4004,62,4004
4005,679,4005
4006,888,4006
4007,539,4007
4008,1126,4008
4009,970,4009
4010,1392,4010
4011,173,4011
4012,1128,4012
4013,1128,4013
4014,129,4014
4015,1418,4015
4016,529,4016
4017,382,4017
4018,129,4018
4019,1619,4019
4020,473,4020
4021,1129,4021
4022,398,4022
4023,888,4023
4024,888,4024
4025,876,4025
4026,876,4026
4027,1241,4027
4028,241,4028
4029,327,4029
4030,676,4030
4031,676,4031
4032,1253,4032
4033,34,4033
4034,338,4034
4035,792,4035
4036,723,4036
4037,1627,4037
4038,1630,4038
4039,1410,4039
4040,473,4040
4041,382,4041
4042,793,4042
4043,1416,4043
4044,27,4044
4045,714,4045
4046,1072,4046
4047,134,4047
4048,58,4048
4049,170,4049
4050,1479,4050
4051,1431,4051
4052,1439,4052
4053,1244,4053
4054,978,4054
4055,1391,4055
4056,1389,4056
4057,684,4057
4058,1025,4058
4059,1039,4059
4060,97,4060
4061,842,4061
4062,1429,4062
4063,1354,4063
4064,735,4064
4065,822,4065
4066,682,4066
4067,377,4067
4068,1244,4068
4069,1416,4069
4070,1480,4070
4071,862,4071
4072,404,4072
4073,164,4073
4074,1034,4074
4075,978,4075
4076,1035,4076
4077,728,4077
4078,1439,4078
4079,1000,4079
4080,1251,4080
4081,399,4081
4082,169,4082
4083,1073,4083
4084,1204,4084
4085,1073,4085
4086,499,4086
4087,1440,4087
4088,1440,4088
4089,1440,4089
4090,1440,4090
4091,1025,4091
4092,710,4092
4093,728,4093
4094,127,4094
4095,747,4095
4096,5,4096
4097,840,4097
4098,840,4098
4099,720,4099
4100,216,4100
4101,398,4101
4102,121,4102
4103,121,4103
4104,97,4104
4105,472,4105
4106,44,4106
4107,109,4107
4108,264,4108
4109,1417,4109
4110,1024,4110
4111,688,4111
4112,1417,4112
4113,1439,4113
4114,1324,4114
4115,266,4115
4116,974,4116
4117,853,4117
4118,746,4118
4119,933,4119
4120,491,4120
4121,1376,4121
4122,1413,4122
4123,127,4123
4124,409,4124
4125,1241,4125
4126,732,4126
4127,732,4127
4128,938,4128
4129,430,4129
4130,850,4130
4131,196,4131
4132,67,4132
4133,849,4133
4134,849,4134
4135,377,4135
4136,869,4136
4137,708,4137
4138,1399,4138
4139,600,4139
4140,672,4140
4141,1244,4141
4142,264,4142
4143,1057,4143
4144,524,4144
4145,664,4145
4146,461,4146
4147,746,4147
4148,874,4148
4149,374,4149
4150,875,4150
4151,264,4151
4152,398,4152
4153,673,4153
4154,1604,4154
4155,352,4155
4156,431,4156
4157,1625,4157
4158,89,4158
4159,1240,4159
4160,184,4160
4161,136,4161
4162,36,4162
4163,1425,4163
4164,120,4164
4165,951,4165
4166,1119,4166
4167,102,4167
4168,1025,4168
4169,669,4169
4170,794,4170
4171,1127,4171
4172,1618,4172
4173,820,4173
4174,951,4174
4175,961,4175
4176,327,4176
4177,978,4177
4178,930,4178
4179,1075,4179
4180,409,4180
4181,409,4181
4182,36,4182
4183,1044,4183
4184,869,4184
4185,728,4185
4186,1127,4186
4187,1127,4187
4188,537,4188
4189,537,4189
4190,1129,4190
4191,1129,4191
4192,1442,4192
4193,523,4193
4194,841,4194
4195,937,4195
4196,965,4196
4197,516,4197
4198,155,4198
4199,136,4199
4200,508,4200
4201,36,4201
4202,1388,4202
4203,40,4203
4204,951,4204
4205,472,4205
4206,589,4206
4207,489,4207
4208,975,4208
4209,1529,4209
4210,974,4210
4211,1062,4211
4212,1108,4212
4213,1073,4213
4214,1073,4214
4215,1073,4215
4216,537,4216
4217,847,4217
4218,169,4218
4219,258,4219
4220,1429,4220
4221,410,4221
4222,462,4222
4223,952,4223
4224,737,4224
4225,33,4225
4226,808,4226
4227,58,4227
4228,951,4228
4229,516,4229
4230,1607,4230
4231,1621,4231
4232,1057,4232
4233,664,4233
4234,664,4234
4235,903,4235
4236,377,4236
4237,155,4237
4238,1477,4238
4239,1129,4239
4240,1114,4240
4241,184,4241
4242,1035,4242
4243,270,4243
4244,863,4244
4245,17,4245
4246,924,4246
4247,1074,4247
4248,1044,4248
4249,1064,4249
4250,865,4250
4251,924,4251
4252,1427,4252
4253,1427,4253
4254,397,4254
4255,331,4255
4256,1129,4256
4257,34,4257
4258,1430,4258
4259,1201,4259
4260,673,4260
4261,426,4261
4262,100,4262
4263,1282,4263
4264,1201,4264
4265,719,4265
4266,1430,4266
4267,274,4267
4268,34,4268
4269,1130,4269
4270,458,4270
4271,458,4271
4272,458,4272
4273,1421,4273
4274,735,4274
4275,1005,4275
4276,877,4276
4277,735,4277
4278,492,4278
4279,134,4279
4280,678,4280
4281,516,4281
4282,193,4282
4283,1431,4283
4284,1425,4284
4285,270,4285
4286,530,4286
4287,1074,4287
4288,397,4288
4289,1431,4289
4290,1397,4290
4291,442,4291
4292,1395,4292
4293,162,4293
4294,161,4294
4295,155,4295
4296,863,4296
4297,1025,4297
4298,1286,4298
4299,1460,4299
4300,290,4300
4301,1383,4301
4302,182,4302
4303,469,4303
4304,374,4304
4305,569,4305
4306,569,4306
4307,976,4307
4308,401,4308
4309,1119,4309
4310,793,4310
4311,215,4311
4312,1116,4312
4313,850,4313
4314,1226,4314
4315,1028,4315
4316,241,4316
4317,1432,4317
4318,653,4318
4319,81,4319
4320,1000,4320
4321,1462,4321
4322,89,4322
4323,1531,4323
4324,1062,4324
4325,1378,4325
4326,473,4326
4327,1130,4327
4328,895,4328
4329,382,4329
4330,411,4330
4331,32,4331
4332,516,4332
4333,43,4333
4334,956,4334
4335,810,4335
4336,374,4336
4337,210,4337
4338,868,4338
4339,930,4339
4340,1416,4340
4341,1225,4341
4342,932,4342
4343,327,4343
4344,161,4344
4345,1130,4345
4346,798,4346
4347,100,4347
4348,1431,4348
4349,1431,4349
4350,1105,4350
4351,80,4351
4352,9,4352
4353,749,4353
4354,1462,4354
4355,1462,4355
4356,270,4356
4357,833,4357
4358,205,4358
4359,922,4359
4360,1534,4360
4361,725,4361
4362,1245,4362
4363,902,4363
4364,1643,4364
4365,937,4365
4366,1620,4366
4367,327,4367
4368,662,4368
4369,549,4369
4370,1410,4370
4371,1614,4371
4372,868,4372
4373,638,4373
4374,270,4374
4375,15,4375
4376,1439,4376
4377,1253,4377
4378,1462,4378
4379,212,4379
4380,843,4380
4381,857,4381
4382,1281,4382
4383,1028,4383
4384,721,4384
4385,903,4385
4386,494,4386
4387,411,4387
4388,1218,4388
4389,569,4389
4390,161,4390
4391,869,4391
4392,1028,4392
4393,1041,4393
4394,850,4394
4395,489,4395
4396,744,4396
4397,249,4397
4398,749,4398
4399,210,4399
4400,692,4400
4401,216,4401
4402,170,4402
4403,377,4403
4404,1047,4404
4405,161,4405
4406,854,4406
4407,589,4407
4408,1342,4408
4409,1430,4409
4410,1060,4410
4411,1421,4411
4412,452,4412
4413,877,4413
4414,25,4414
4415,797,4415
4416,1378,4416
4417,686,4417
4418,679,4418
4419,459,4419
4420,1344,4420
4421,123,4421
4422,976,4422
4423,1378,4423
4424,1047,4424
4425,161,4425
4426,1068,4426
4427,1068,4427
4428,146,4428
4429,952,4429
4430,222,4430
4431,377,4431
4432,339,4432
4433,126,4433
4434,838,4434
4435,1076,4435
4436,1076,4436
4437,584,4437
4438,109,4438
4439,803,4439
4440,1604,4440
4441,802,4441
4442,1412,4442
4443,1057,4443
4444,1611,4444
4445,1611,4445
4446,1611,4446
4447,1611,4447
4448,1611,4448
4449,1611,4449
4450,1190,4450
4451,860,4451
4452,860,4452
4453,266,4453
4454,714,4454
4455,1073,4455
4456,722,4456
4457,869,4457
4458,799,4458
4459,1105,4459
4460,412,4460
4461,1074,4461
4462,157,4462
4463,481,4463
4464,1378,4464
4465,58,4465
4466,935,4466
4467,1238,4467
4468,974,4468
4469,1271,4469
4470,955,4470
4471,902,4471
4472,899,4472
4473,899,4473
4474,409,4474
4475,516,4475
4476,353,4476
4477,796,4477
4478,790,4478
4479,36,4479
4480,708,4480
4481,1065,4481
4482,1431,4482
4483,210,4483
4484,1439,4484
4485,1439,4485
4486,1040,4486
4487,1126,4487
4488,841,4488
4489,215,4489
4490,897,4490
4491,48,4491
4492,621,4492
4493,109,4493
4494,15,4494
4495,906,4495
4496,11,4496
4497,14,4497
4498,173,4498
4499,173,4499
4500,948,4500
4501,238,4501
4502,1353,4502
4503,155,4503
4504,1416,4504
4505,136,4505
4506,1353,4506
4507,673,4507
4508,1276,4508
4509,432,4509
4510,937,4510
4511,744,4511
4512,664,4512
4513,877,4513
4514,216,4514
4515,1655,4515
4516,1655,4516
4517,1655,4517
4518,1614,4518
4519,1576,4519
4520,1572,4520
4521,431,4521
4522,897,4522
4523,266,4523
4524,1432,4524
4525,516,4525
4526,109,4526
4527,1460,4527
4528,720,4528
4529,539,4529
4530,1063,4530
4531,555,4531
4532,843,4532
4533,843,4533
4534,380,4534
4535,462,4535
4536,1422,4536
4537,1530,4537
4538,1416,4538
4539,1063,4539
4540,952,4540
4541,952,4541
4542,865,4542
4543,865,4543
4544,956,4544
4545,1429,4545
4546,1356,4546
4547,1289,4547
4548,692,4548
4549,1600,4549
4550,1619,4550
4551,889,4551
4552,170,4552
4553,270,4553
4554,1483,4554
4555,1603,4555
4556,745,4556
4557,951,4557
4558,72,4558
4559,1430,4559
4560,952,4560
4561,1483,4561
4562,312,4562
4563,1064,4563
4564,845,4564
4565,672,4565
4566,751,4566
4567,212,4567
4568,1379,4568
4569,808,4569
4570,458,4570
4571,992,4571
4572,656,4572
4573,102,4573
4574,241,4574
4575,1374,4575
4576,34,4576
4577,1065,4577
4578,1600,4578
4579,36,4579
4580,1045,4580
4581,1439,4581
4582,214,4582
4583,1071,4583
4584,1432,4584
4585,1614,4585
4586,794,4586
4587,751,4587
4588,1389,4588
4589,1618,4589
4590,1430,4590
4591,1276,4591
4592,161,4592
4593,161,4593
4594,1483,4594
4595,1483,4595
4596,1130,4596
4597,1614,4597
4598,924,4598
4599,1074,4599
4600,1614,4600
4601,109,4601
4602,879,4602
4603,1047,4603
4604,170,4604
4605,953,4605
4606,1576,4606
4607,1381,4607
4608,666,4608
4609,1226,4609
4610,666,4610
4611,123,4611
4612,1024,4612
4613,481,4613
4614,312,4614
4615,874,4615
4616,1245,4616
4617,685,4617
4618,666,4618
4619,666,4619
4620,811,4620
4621,902,4621
4622,857,4622
4623,705,4623
4624,660,4624
4625,854,4625
4626,886,4626
4627,1051,4627
4628,724,4628
4629,1583,4629
4630,731,4630
4631,81,4631
4632,1533,4632
4633,171,4633
4634,922,4634
4635,1615,4635
4636,1277,4636
4637,1430,4637
4638,962,4638
4639,1245,4639
4640,923,4640
4641,1111,4641
4642,152,4642
4643,660,4643
4644,962,4644
4645,404,4645
4646,185,4646
4647,1432,4647
4648,463,4648
4649,150,4649
4650,798,4650
4651,1376,4651
4652,1174,4652
4653,459,4653
4654,896,4654
4655,1286,4655
4656,352,4656
4657,1600,4657
4658,1607,4658
4659,710,4659
4660,80,4660
4661,1607,4661
4662,661,4662
4663,530,4663
4664,891,4664
4665,81,4665
4666,621,4666
4667,446,4667
4668,689,4668
4669,803,4669
4670,1416,4670
4671,719,4671
4672,1416,4672
4673,1430,4673
4674,1431,4674
4675,871,4675
4676,85,4676
4677,251,4677
4678,462,4678
4679,485,4679
4680,948,4680
4681,289,4681
4682,1105,4682
4683,8,4683
4684,83,4684
4685,8,4685
4686,1374,4686
4687,1630,4687
4688,721,4688
4689,382,4689
4690,948,4690
4691,948,4691
4692,948,4692
4693,327,4693
4694,161,4694
4695,270,4695
4696,953,4696
4697,1579,4697
4698,803,4698
4699,865,4699
4700,11,4700
4701,75,4701
4702,97,4702
4703,1100,4703
4704,1430,4704
4705,978,4705
4706,481,4706
4707,1573,4707
4708,978,4708
4709,1271,4709
4710,1226,4710
4711,1218,4711
4712,1346,4712
4713,952,4713
4714,331,4714
4715,331,4715
4716,457,4716
4717,1527,4717
4718,399,4718
4719,249,4719
4720,289,4720
4721,692,4721
4722,48,4722
4723,45,4723
4724,8,4724
4725,730,4725
4726,888,4726
4727,193,4727
4728,673,4728
4729,428,4729
4730,1644,4730
4731,746,4731
4732,661,4732
4733,1115,4733
4734,1060,4734
4735,1071,4735
4736,1223,4736
4737,446,4737
4738,811,4738
4739,796,4739
4740,1439,4740
4741,1439,4741
4742,923,4742
4743,1126,4743
4744,1174,4744
4745,146,4745
4746,1064,4746
4747,1439,4747
4748,1396,4748
4749,943,4749
4750,1396,4750
4751,9,4751
4752,744,4752
4753,1630,4753
4754,811,4754
4755,1410,4755
4756,455,4756
4757,672,4757
4758,1619,4758
4759,266,4759
4760,18,4760
4761,1126,4761
4762,660,4762
4763,241,4763
4764,1346,4764
4765,1035,4765
4766,27,4766
4767,1238,4767
4768,722,4768
4769,446,4769
4770,169,4770
4771,75,4771
4772,1439,4772
4773,1067,4773
4774,1384,4774
4775,1059,4775
4776,871,4776
4777,871,4777
4778,715,4778
4779,18,4779
4780,649,4780
4781,1625,4781
4782,150,4782
4783,1239,4783
4784,822,4784
4785,621,4785
4786,621,4786
4787,1455,4787
4788,89,4788
4789,193,4789
4790,1345,4790
4791,1422,4791
4792,806,4792
4793,1384,4793
4794,516,4794
4795,948,4795
4796,951,4796
4797,745,4797
4798,137,4798
4799,18,4799
4800,1021,4800
4801,172,4801
4802,10,4802
4803,1274,4803
4804,162,4804
4805,1442,4805
4806,374,4806
4807,338,4807
4808,1074,4808
4809,838,4809
4810,55,4810
4811,352,4811
4812,150,4812
4813,862,4813
4814,1218,4814
4815,1422,4815
4816,797,4816
4817,338,4817
4818,523,4818
4819,100,4819
4820,215,4820
4821,685,4821
4822,950,4822
4823,1041,4823
4824,1047,4824
4825,853,4825
4826,4,4826
4827,258,4827
4828,564,4828
4829,661,4829
4830,18,4830
4831,217,4831
4832,1442,4832
4833,75,4833
4834,802,4834
4835,1059,4835
4836,731,4836
4837,891,4837
4838,539,4838
4839,1128,4839
4840,1128,4840
4841,40,4841
4842,1289,4842
4843,165,4843
4844,1062,4844
4845,913,4845
4846,196,4846
4847,196,4847
4848,1417,4848
4849,862,4849
4850,185,4850
4851,708,4851
4852,747,4852
4853,747,4853
4854,80,4854
4855,963,4855
4856,1402,4856
4857,446,4857
4858,971,4858
4859,398,4859
4860,75,4860
4861,1028,4861
4862,457,4862
4863,457,4863
4864,857,4864
4865,1417,4865
4866,660,4866
4867,23,4867
4868,136,4868
4869,731,4869
4870,205,4870
4871,1355,4871
4872,1417,4872
4873,720,4873
4874,374,4874
4875,1130,4875
4876,327,4876
4877,978,4877
4878,1277,4878
4879,589,4879
4880,42,4880
4881,920,4881
4882,920,4882
4883,920,4883
4884,128,4884
4885,1060,4885
4886,458,4886
4887,32,4887
4888,67,4888
4889,398,4889
4890,143,4890
4891,1028,4891
4892,941,4892
4893,672,4893
4894,672,4894
4895,673,4895
4896,439,4896
4897,123,4897
4898,1225,4898
4899,539,4899
4900,1567,4900
4901,916,4901
4902,1580,4902
4903,27,4903
4904,251,4904
4905,450,4905
4906,208,4906
4907,1580,4907
4908,128,4908
4909,672,4909
4910,898,4910
4911,1045,4911
4912,83,4912
4913,443,4913
4914,1244,4914
4915,741,4915
4916,412,4916
4917,919,4917
4918,364,4918
4919,67,4919
4920,539,4920
4921,1130,4921
4922,1653,4922
4923,1653,4923
4924,855,4924
4925,943,4925
4926,238,4926
4927,1068,4927
4928,1068,4928
4929,204,4929
4930,241,4930
4931,1239,4931
4932,1643,4932
4933,33,4933
4934,807,4934
4935,914,4935
4936,976,4936
4937,860,4937
4938,1070,4938
4939,1070,4939
4940,1570,4940
4941,850,4941
4942,1065,4942
4943,669,4943
4944,868,4944
4945,338,4945
4946,941,4946
4947,338,4947
4948,1537,4948
4949,888,4949
4950,381,4950
4951,1225,4951
4952,951,4952
4953,549,4953
4954,1276,4954
4955,569,4955
4956,569,4956
4957,871,4957
4958,1253,4958
4959,1353,4959
4960,877,4960
4961,1526,4961
4962,364,4962
4963,897,4963
4964,461,4964
4965,961,4965
4966,877,4966
4967,165,4967
4968,152,4968
4969,659,4969
4970,67,4970
4971,961,4971
4972,530,4972
4973,27,4973
4974,463,4974
4975,463,4975
4976,1044,4976
4977,1422,4977
4978,1233,4978
4979,1602,4979
4980,883,4980
4981,1031,4981
4982,683,4982
4983,45,4983
4984,40,4984
4985,1206,4985
4986,951,4986
4987,790,4987
4988,684,4988
4989,675,4989
4990,434,4990
4991,747,4991
4992,926,4992
4993,1618,4993
4994,723,4994
4995,1470,4995
4996,683,4996
4997,665,4997
4998,50,4998
4999,217,4999
5000,720,5000
5001,1025,5001
5002,665,5002
5003,508,5003
5004,41,5004
5005,472,5005
5006,1025,5006
5007,184,5007
5008,957,5008
5009,14,5009
5010,1288,5010
5011,128,5011
5012,1239,5012
5013,1466,5013
5014,1236,5014
5015,72,5015
5016,226,5016
5017,874,5017
5018,874,5018
5019,744,5019
5020,1031,5020
5021,827,5021
5022,1068,5022
5023,14,5023
5024,1378,5024
5025,818,5025
5026,660,5026
5027,875,5027
5028,742,5028
5029,503,5029
5030,1418,5030
5031,1418,5031
5032,671,5032
5033,258,5033
5034,434,5034
5035,897,5035
5036,1603,5036
5037,976,5037
5038,458,5038
5039,338,5039
5040,461,5040
5041,719,5041
5042,1108,5042
5043,1612,5043
5044,401,5044
5045,1345,5045
5046,751,5046
5047,684,5047
5048,1576,5048
5049,672,5049
5050,1065,5050
5051,930,5051
5052,1061,5052
5053,950,5053
5054,737,5054
5055,458,5055
5056,66,5056
5057,1463,5057
5058,957,5058
5059,18,5059
5060,472,5060
5061,353,5061
5062,137,5062
5063,45,5063
5064,1249,5064
5065,1396,5065
5066,503,5066
5067,100,5067
5068,75,5068
5069,1527,5069
5070,943,5070
5071,34,5071
5072,1393,5072
5073,664,5073
5074,796,5074
5075,662,5075
5076,1432,5076
5077,895,5077
5078,678,5078
5079,915,5079
5080,1004,5080
5081,683,5081
5082,532,5082
5083,332,5083
5084,1276,5084
5085,850,5085
5086,793,5086
5087,1395,5087
5088,888,5088
5089,1061,5089
5090,85,5090
5091,241,5091
5092,446,5092
5093,953,5093
5094,8,5094
5095,1064,5095
5096,532,5096
5097,1041,5097
5098,1041,5098
5099,1572,5099
5100,290,5100
5101,36,5101
5102,152,5102
5103,1479,5103
5104,173,5104
5105,212,5105
5106,226,5106
5107,381,5107
5108,238,5108
5109,1068,5109
5110,731,5110
5111,1261,5111
5112,874,5112
5113,683,5113
5114,487,5114
5115,698,5115
5116,172,5116
5117,1585,5117
5118,724,5118
5119,1244,5119
5120,290,5120
5121,76,5121
5122,1034,5122
5123,672,5123
5124,1479,5124
5125,1244,5125
5126,1258,5126
5127,463,5127
5128,380,5128
5129,950,5129
5130,950,5130
5131,897,5131
5132,214,5132
5133,793,5133
5134,1373,5134
5135,1380,5135
5136,381,5136
5137,1537,5137
5138,508,5138
5139,672,5139
5140,185,5140
5141,672,5141
5142,865,5142
5143,1425,5143
5144,639,5144
5145,18,5145
5146,184,5146
5147,241,5147
5148,1258,5148
5149,1417,5149
5150,1425,5150
5151,950,5151
5152,589,5152
5153,734,5153
5154,343,5154
5155,1175,5155
5156,338,5156
5157,1253,5157
5158,1631,5158
5159,669,5159
5160,669,5160
5161,1430,5161
5162,1430,5162
5163,1605,5163
5164,439,5164
5165,950,5165
5166,950,5166
5167,660,5167
5168,1075,5168
5169,102,5169
5170,338,5170
5171,953,5171
5172,463,5172
5173,877,5173
5174,921,5174
5175,921,5175
5176,1394,5176
5177,1390,5177
5178,1388,5178
5179,184,5179
5180,1244,5180
5181,258,5181
5182,1439,5182
5183,1041,5183
5184,478,5184
5185,478,5185
5186,1431,5186
5187,924,5187
5188,72,5188
5189,1570,5189
5190,1377,5190
5191,1479,5191
5192,1479,5192
5193,268,5193
5194,1127,5194
5195,734,5195
5196,216,5196
5197,734,5197
5198,56,5198
5199,1354,5199
5200,1354,5200
5201,742,5201
5202,1375,5202
5203,684,5203
5204,862,5204
5205,264,5205
5206,264,5206
5207,660,5207
5208,1354,5208
5209,1072,5209
5210,1051,5210
5211,1198,5211
5212,1225,5212
5213,1031,5213
5214,770,5214
5215,1251,5215
5216,374,5216
5217,516,5217
5218,929,5218
5219,1031,5219
5220,722,5220
5221,510,5221
5222,510,5222
5223,510,5223
5224,510,5224
5225,1045,5225
5226,58,5226
5227,168,5227
5228,276,5228
5229,807,5229
5230,770,5230
5231,1028,5231
5232,510,5232
5233,136,5233
5234,129,5234
5235,81,5235
5236,941,5236
5237,1416,5237
5238,508,5238
5239,381,5239
5240,770,5240
5241,1417,5241
5242,898,5242
5243,434,5243
5244,434,5244
5245,926,5245
5246,485,5246
5247,971,5247
5248,971,5248
5249,1071,5249
5250,204,5250
5251,524,5251
5252,524,5252
5253,212,5253
5254,701,5254
5255,56,5255
5256,807,5256
5257,1024,5257
5258,833,5258
5259,1425,5259
5260,708,5260
5261,461,5261
5262,18,5262
5263,716,5263
5264,270,5264
5265,853,5265
5266,1415,5266
5267,397,5267
5268,892,5268
5269,42,5269
5270,796,5270
5271,592,5271
5272,1582,5272
5273,731,5273
5274,508,5274
5275,665,5275
5276,128,5276
5277,1480,5277
5278,1455,5278
5279,829,5279
5280,1431,5280
5281,1353,5281
5282,719,5282
5283,1278,5283
5284,978,5284
5285,978,5285
5286,976,5286
5287,721,5287
5288,976,5288
5289,934,5289
5290,943,5290
5291,1356,5291
5292,401,5292
5293,112,5293
5294,516,5294
5295,1233,5295
5296,410,5296
5297,266,5297
5298,444,5298
5299,796,5299
5300,798,5300
5301,1618,5301
5302,75,5302
5303,949,5303
5304,1439,5304
5305,950,5305
5306,170,5306
5307,170,5307
5308,121,5308
5309,1031,5309
5310,851,5310
5311,410,5311
5312,1075,5312
5313,1253,5313
5314,980,5314
5315,857,5315
5316,978,5316
5317,980,5317
5318,830,5318
5319,120,5319
5320,509,5320
5321,1479,5321
5322,25,5322
5323,169,5323
5324,1278,5324
5325,1383,5325
5326,1253,5326
5327,723,5327
5328,877,5328
5329,12,5329
5330,398,5330
5331,1279,5331
5332,1279,5332
5333,1279,5333
5334,682,5334
5335,381,5335
5336,134,5336
5337,66,5337
5338,1072,5338
5339,680,5339
5340,1356,5340
5341,398,5341
5342,1225,5342
5343,952,5343
5344,1356,5344
5345,510,5345
5346,510,5346
5347,412,5347
5348,412,5348
5349,1470,5349
5350,510,5350
5351,510,5351
5352,42,5352
5353,920,5353
5354,107,5354
5355,398,5355
5356,898,5356
5357,1225,5357
5358,856,5358
5359,877,5359
5360,194,5360
5361,25,5361
5362,449,5362
5363,1439,5363
5364,735,5364
5365,1249,5365
5366,1248,5366
5367,1376,5367
5368,1380,5368
5369,75,5369
5370,1108,5370
5371,382,5371
5372,274,5372
5373,434,5373
5374,950,5374
5375,621,5375
5376,733,5376
5377,830,5377
5378,76,5378
5379,76,5379
5380,76,5380
5381,797,5381
5382,1389,5382
5383,381,5383
5384,32,5384
5385,949,5385
5386,398,5386
5387,523,5387
5388,589,5388
5389,8,5389
5390,949,5390
5391,662,5391
5392,1068,5392
5393,1068,5393
5394,795,5394
5395,680,5395
5396,1259,5396
5397,950,5397
5398,85,5398
5399,853,5399
5400,18,5400
5401,1071,5401
5402,660,5402
5403,109,5403
5404,682,5404
5405,75,5405
5406,928,5406
5407,666,5407
5408,666,5408
5409,1102,5409
5410,1102,5410
5411,18,5411
5412,126,5412
5413,666,5413
5414,18,5414
5415,216,5415
5416,891,5416
5417,382,5417
5418,499,5418
5419,40,5419
5420,1585,5420
5421,401,5421
5422,1432,5422
5423,1615,5423
5424,1615,5424
5425,404,5425
5426,1068,5426
5427,1068,5427
5428,950,5428
5429,1375,5429
5430,723,5430
5431,950,5431
5432,950,5432
5433,1532,5433
5434,75,5434
5435,737,5435
5436,398,5436
5437,489,5437
5438,134,5438
5439,1401,5439
5440,1401,5440
5441,895,5441
5442,638,5442
5443,490,5443
5444,1611,5444
5445,948,5445
5446,382,5446
5447,1425,5447
5448,950,5448
5449,856,5449
5450,215,5450
5451,1005,5451
5452,301,5452
5453,171,5453
5454,1353,5454
5455,1353,5455
5456,899,5456
5457,399,5457
5458,892,5458
5459,892,5459
5460,662,5460
5461,127,5461
5462,953,5462
5463,1392,5463
5464,1051,5464
5465,1253,5465
5466,170,5466
5467,897,5467
5468,134,5468
5469,332,5469
5470,516,5470
5471,1578,5471
5472,949,5472
5473,1399,5473
5474,1140,5474
5475,723,5475
5476,1253,5476
5477,1527,5477
5478,554,5478
5479,1612,5479
5480,949,5480
5481,842,5481
5482,75,5482
5483,510,5483
5484,510,5484
5485,510,5485
5486,806,5486
5487,380,5487
5488,401,5488
5489,401,5489
5490,55,5490
5491,539,5491
5492,539,5492
5493,539,5493
5494,539,5494
5495,539,5495
5496,1460,5496
5497,136,5497
5498,919,5498
5499,503,5499
5500,638,5500
5501,849,5501
5502,842,5502
5503,589,5503
5504,807,5504
5505,1378,5505
5506,136,5506
5507,136,5507
5508,473,5508
5509,547,5509
5510,380,5510
5511,151,5511
5512,869,5512
5513,728,5513
5514,1260,5514
5515,398,5515
5516,1585,5516
5517,901,5517
5518,952,5518
5519,81,5519
5520,1480,5520
5521,901,5521
5522,473,5522
5523,121,5523
5524,214,5524
5525,81,5525
5526,288,5526
5527,401,5527
5528,971,5528
5529,913,5529
5530,792,5530
5531,118,5531
5532,1225,5532
5533,1428,5533
5534,473,5534
5535,102,5535
5536,1225,5536
5537,27,5537
5538,717,5538
5539,215,5539
5540,473,5540
5541,1529,5541
5542,339,5542
5543,510,5543
5544,85,5544
5545,301,5545
5546,1568,5546
5547,1174,5547
5548,1416,5548
5549,664,5549
5550,516,5550
5551,1439,5551
5552,960,5552
5553,851,5553
5554,67,5554
5555,849,5555
5556,339,5556
5557,1425,5557
5558,621,5558
5559,1480,5559
5560,215,5560
5561,215,5561
5562,136,5562
5563,136,5563
5564,50,5564
5565,733,5565
5566,1425,5566
5567,1100,5567
5568,1617,5568
5569,971,5569
5570,899,5570
5571,372,5571
5572,712,5572
5573,398,5573
5574,136,5574
5575,653,5575
5576,437,5576
5577,971,5577
5578,971,5578
5579,971,5579
5580,855,5580
5581,955,5581
5582,949,5582
5583,270,5583
5584,1223,5584
5585,34,5585
5586,1178,5586
5587,638,5587
5588,607,5588
5589,85,5589
5590,716,5590
5591,1402,5591
5592,581,5592
5593,1258,5593
5594,487,5594
5595,899,5595
5596,1119,5596
5597,581,5597
5598,426,5598
5599,579,5599
5600,579,5600
5601,101,5601
5602,1276,5602
5603,339,5603
5604,1431,5604
5605,1614,5605
5606,118,5606
5607,76,5607
5608,1423,5608
5609,808,5609
5610,817,5610
5611,289,5611
5612,920,5612
5613,674,5613
5614,461,5614
5615,1416,5615
5616,193,5616
5617,965,5617
5618,965,5618
5619,75,5619
5620,970,5620
5621,1416,5621
5622,48,5622
5623,222,5623
5624,437,5624
5625,9,5625
5626,1618,5626
5627,888,5627
5628,424,5628
5629,749,5629
5630,1276,5630
5631,1431,5631
5632,952,5632
5633,950,5633
5634,1041,5634
5635,1072,5635
5636,6,5636
5637,1201,5637
5638,3,5638
5639,81,5639
5640,1289,5640
5641,446,5641
5642,666,5642
5643,589,5643
5644,734,5644
5645,734,5645
5646,734,5646
5647,666,5647
5648,1630,5648
5649,18,5649
5650,793,5650
5651,1030,5651
5652,1243,5652
5653,901,5653
5654,1042,5654
5655,1256,5655
5656,728,5656
5657,1614,5657
5658,876,5658
5659,1223,5659
5660,145,5660
5661,1425,5661
5662,950,5662
5663,516,5663
5664,1223,5664
5665,914,5665
5666,807,5666
5667,217,5667
5668,448,5668
5669,638,5669
5670,372,5670
5671,510,5671
5672,466,5672
5673,549,5673
5674,914,5674
5675,834,5675
5676,173,5676
5677,196,5677
5678,173,5678
5679,1435,5679
5680,212,5680
5681,889,5681
5682,889,5682
5683,675,5683
5684,830,5684
5685,733,5685
5686,1425,5686
5687,728,5687
5688,1247,5688
5689,1612,5689
5690,516,5690
5691,1417,5691
5692,9,5692
5693,1223,5693
5694,650,5694
5695,1103,5695
5696,970,5696
5697,807,5697
5698,978,5698
5699,1378,5699
5700,493,5700
5701,8,5701
5702,218,5702
5703,876,5703
5704,876,5704
5705,377,5705
5706,687,5706
5707,1371,5707
5708,9,5708
5709,891,5709
5710,807,5710
5711,898,5711
5712,548,5712
5713,548,5713
5714,548,5714
5715,1425,5715
5716,516,5716
5717,170,5717
5718,458,5718
5719,850,5719
5720,67,5720
5721,45,5721
5722,29,5722
5723,830,5723
5724,1417,5724
5725,129,5725
5726,310,5726
5727,279,5727
5728,81,5728
5729,450,5729
5730,562,5730
5731,412,5731
5732,920,5732
5733,214,5733
5734,1388,5734
5735,6,5735
5736,791,5736
5737,874,5737
5738,1423,5738
5739,1206,5739
5740,806,5740
5741,1455,5741
5742,1336,5742
5743,1425,5743
5744,1100,5744
5745,332,5745
5746,975,5746
5747,473,5747
5748,164,5748
5749,412,5749
5750,607,5750
5751,856,5751
5752,1432,5752
5753,123,5753
5754,862,5754
5755,123,5755
5756,1355,5756
5757,722,5757
5758,112,5758
5759,372,5759
5760,1578,5760
5761,819,5761
5762,817,5762
5763,439,5763
5764,950,5764
5765,746,5765
5766,1614,5766
5767,121,5767
5768,1420,5768
5769,516,5769
5770,1070,5770
5771,97,5771
5772,1639,5772
5773,1024,5773
5774,184,5774
5775,210,5775
5776,66,5776
5777,66,5777
5778,702,5778
5779,926,5779
5780,721,5780
5781,970,5781
5782,970,5782
5783,874,5783
5784,1277,5784
5785,9,5785
5786,43,5786
5787,1245,5787
5788,1431,5788
5789,898,5789
5790,1425,5790
5791,516,5791
5792,404,5792
5793,1031,5793
5794,524,5794
5795,69,5795
5796,1349,5796
5797,123,5797
5798,123,5798
5799,516,5799
5800,1042,5800
5801,682,5801
5802,404,5802
5803,868,5803
5804,1342,5804
5805,457,5805
5806,1425,5806
5807,1425,5807
5808,66,5808
5809,66,5809
5810,66,5810
5811,66,5811
5812,491,5812
5813,829,5813
5814,401,5814
5815,892,5815
5816,877,5816
5817,479,5817
5818,479,5818
5819,76,5819
5820,76,5820
5821,1633,5821
5822,1422,5822
5823,970,5823
5824,970,5824
5825,794,5825
5826,794,5826
5827,796,5827
5828,1445,5828
5829,1063,5829
5830,950,5830
5831,188,5831
5832,1427,5832
5833,1427,5833
5834,1045,5834
5835,1613,5835
5836,164,5836
5837,803,5837
5838,1074,5838
5839,360,5839
5840,148,5840
5841,849,5841
5842,877,5842
5843,1288,5843
5844,446,5844
5845,721,5845
5846,725,5846
5847,835,5847
5848,6,5848
5849,1631,5849
5850,897,5850
5851,1116,5851
5852,1627,5852
5853,835,5853
5854,1033,5854
5855,1225,5855
5856,950,5856
5857,6,5857
5858,1225,5858
5859,1051,5859
5860,1530,5860
5861,753,5861
5862,516,5862
5863,830,5863
5864,832,5864
5865,888,5865
5866,1143,5866
5867,889,5867
5868,481,5868
5869,481,5869
5870,823,5870
5871,481,5871
5872,1631,5872
5873,1631,5873
5874,142,5874
5875,1238,5875
5876,848,5876
5877,841,5877
5878,841,5878
5879,81,5879
5880,950,5880
5881,868,5881
5882,803,5882
5883,829,5883
5884,916,5884
5885,1239,5885
5886,793,5886
5887,793,5887
5888,1396,5888
5889,142,5889
5890,1618,5890
5891,1618,5891
5892,1139,5892
5893,1443,5893
5894,749,5894
5895,749,5895
5896,749,5896
5897,374,5897
5898,134,5898
5899,1233,5899
5900,702,5900
5901,1099,5901
5902,698,5902
5903,826,5903
5904,426,5904
5905,850,5905
5906,850,5906
5907,669,5907
5908,977,5908
5909,89,5909
5910,89,5910
5911,172,5911
5912,172,5912
5913,80,5913
5914,1402,5914
5915,1407,5915
5916,80,5916
5917,1041,5917
5918,1041,5918
5919,1041,5919
5920,412,5920
5921,1231,5921
5922,170,5922
5923,1461,5923
5924,121,5924
5925,923,5925
5926,372,5926
5927,1428,5927
5928,217,5928
5929,807,5929
5930,1103,5930
5931,473,5931
5932,855,5932
5933,1432,5933
5934,148,5934
5935,494,5935
5936,494,5936
5937,1282,5937
5938,1282,5938
5939,1282,5939
5940,903,5940
5941,903,5941
5942,903,5942
5943,40,5943
5944,40,5944
5945,40,5945
5946,249,5946
5947,249,5947
5948,448,5948
5949,1416,5949
5950,75,5950
5951,1417,5951
5952,1417,5952
5953,1614,5953
5954,1614,5954
5955,1614,5955
5956,249,5956
5957,1024,5957
5958,710,5958
5959,712,5959
5960,491,5960
5961,491,5961
5962,491,5962
5963,714,5963
5964,710,5964
5965,1614,5965
5966,1614,5966
5967,977,5967
5968,431,5968
5969,948,5969
5970,493,5970
5971,948,5971
5972,481,5972
5973,948,5973
5974,431,5974
5975,1276,5975
5976,1276,5976
5977,434,5977
5978,487,5978
5979,829,5979
5980,829,5980
5981,1601,5981
5982,1601,5982
5983,1529,5983
5984,1529,5984
5985,1534,5985
5986,659,5986
5987,1621,5987
5988,1621,5988
5989,1621,5989
5990,659,5990
5991,742,5991
5992,12,5992
5993,653,5993
5994,398,5994
5995,834,5995
5996,798,5996
5997,1286,5997
5998,719,5998
5999,1342,5999
6000,102,6000
6001,656,6001
6002,102,6002
6003,1223,6003
6004,1629,6004
6005,1629,6005
6006,1629,6006
6007,1629,6007
6008,1568,6008
6009,1111,6009
6010,1111,6010
6011,1111,6011
6012,1111,6012
6013,1111,6013
6014,1111,6014
6015,1113,6015
6016,1113,6016
6017,1113,6017
6018,1113,6018
6019,1113,6019
6020,1112,6020
6021,1112,6021
6022,1112,6022
6023,1112,6023
6024,1462,6024
6025,1625,6025
6026,1621,6026
6027,1621,6027
6028,1626,6028
6029,1626,6029
6030,1461,6030
6031,1271,6031
6032,935,6032
6033,664,6033
6034,682,6034
6035,798,6035
6036,877,6036
6037,165,6037
6038,342,6038
6039,452,6039
6040,682,6040
6041,1585,6041
6042,1583,6042
6043,270,6043
6044,155,6044
6045,1572,6045
6046,1163,6046
6047,1566,6047
6048,75,6048
6049,1258,6049
6050,218,6050
6051,897,6051
6052,746,6052
6053,746,6053
6054,1600,6054
6055,1156,6055
6056,1421,6056
6057,832,6057
6058,961,6058
6059,898,6059
6060,1431,6060
6061,826,6061
6062,485,6062
6063,941,6063
6064,58,6064
6065,656,6065
6066,965,6066
6067,965,6067
6068,965,6068
6069,1576,6069
6070,1205,6070
6071,450,6071
6072,1276,6072
6073,1276,6073
6074,698,6074
6075,770,6075
6076,851,6076
6077,851,6077
6078,953,6078
6079,81,6079
6080,1431,6080
6081,1276,6081
6082,121,6082
6083,448,6083
6084,950,6084
6085,372,6085
6086,739,6086
6087,372,6087
6088,742,6088
6089,503,6089
6090,1343,6090
6091,749,6091
6092,1258,6092
6093,1258,6093
6094,749,6094
6095,749,6095
6096,724,6096
6097,724,6097
6098,753,6098
6099,753,6099
6100,753,6100
6101,752,6101
6102,279,6102
6103,723,6103
6104,188,6104
6105,953,6105
6106,865,6106
6107,953,6107
6108,865,6108
6109,698,6109
6110,56,6110
6111,1420,6111
6112,892,6112
6113,954,6113
6114,956,6114
6115,956,6115
6116,1567,6116
6117,950,6117
6118,1258,6118
6119,1258,6119
6120,463,6120
6121,752,6121
6122,279,6122
6123,1033,6123
6124,1233,6124
6125,978,6125
6126,1613,6126
6127,1613,6127
6128,980,6128
6129,975,6129
6130,975,6130
6131,975,6131
6132,721,6132
6133,728,6133
6134,1451,6134
6135,1451,6135
6136,849,6136
6137,1451,6137
6138,721,6138
6139,1532,6139
6140,978,6140
6141,1613,6141
6142,733,6142
6143,975,6143
6144,898,6144
6145,898,6145
6146,1025,6146
6147,1253,6147
6148,855,6148
6149,666,6149
6150,36,6150
6151,36,6151
6152,665,6152
6153,1630,6153
6154,1402,6154
6155,4,6155
6156,547,6156
6157,923,6157
6158,493,6158
6159,834,6159
6160,855,6160
6161,689,6161
6162,11,6162
6163,11,6163
6164,1630,6164
6165,1630,6165
6166,185,6166
6167,128,6167
6168,664,6168
6169,547,6169
6170,923,6170
6171,1156,6171
6172,1607,6172
6173,975,6173
6174,849,6174
6175,1070,6175
6176,401,6176
6177,1428,6177
6178,1428,6178
6179,32,6179
6180,1277,6180
6181,493,6181
6182,457,6182
6183,724,6183
6184,1048,6184
6185,398,6185
6186,1531,6186
6187,1378,6187
6188,75,6188
6189,27,6189
6190,827,6190
6191,917,6191
6192,462,6192
6193,656,6193
6194,927,6194
6195,802,6195
6196,875,6196
6197,875,6197
6198,803,6198
6199,493,6199
6200,81,6200
6201,266,6201
6202,1032,6202
6203,449,6203
6204,950,6204
6205,829,6205
6206,739,6206
6207,740,6207
6208,1399,6208
6209,85,6209
6210,75,6210
6211,9,6211
6212,266,6212
6213,1463,6213
6214,1253,6214
6215,938,6215
6216,863,6216
6217,1025,6217
6218,770,6218
6219,1463,6219
6220,1534,6220
6221,735,6221
6222,735,6222
6223,738,6223
6224,220,6224
6225,676,6225
6226,676,6226
6227,676,6227
6228,676,6228
6229,676,6229
6230,461,6230
6231,461,6231
6232,461,6232
6233,461,6233
6234,481,6234
6235,676,6235
6236,1479,6236
6237,215,6237
6238,1282,6238
6239,707,6239
6240,170,6240
6241,170,6241
6242,170,6242
6243,170,6243
6244,170,6244
6245,701,6245
6246,703,6246
6247,184,6247
6248,1069,6248
6249,948,6249
6250,457,6250
6251,85,6251
6252,172,6252
6253,875,6253
6254,129,6254
6255,682,6255
6256,1378,6256
6257,1378,6257
6258,908,6258
6259,817,6259
6260,18,6260
6261,1425,6261
6262,1455,6262
6263,745,6263
6264,157,6264
6265,1034,6265
6266,1421,6266
6267,18,6267
6268,1236,6268
6269,928,6269
6270,523,6270
6271,1005,6271
6272,238,6272
6273,1051,6273
6274,920,6274
6275,1347,6275
6276,1031,6276
6277,1031,6277
6278,1034,6278
6279,1423,6279
6280,487,6280
6281,897,6281
6282,1460,6282
6283,1460,6283
6284,1460,6284
6285,1204,6285
6286,1274,6286
6287,1274,6287
6288,1274,6288
6289,1274,6289
6290,31,6290
6291,31,6291
6292,31,6292
6293,31,6293
6294,102,6294
6295,102,6295
6296,728,6296
6297,728,6297
6298,728,6298
6299,854,6299
6300,854,6300
6301,1258,6301
6302,753,6302
6303,753,6303
6304,753,6304
6305,1051,6305
6306,1051,6306
6307,1282,6307
6308,102,6308
6309,102,6309
6310,1031,6310
6311,510,6311
6312,589,6312
6313,136,6313
6314,136,6314
6315,136,6315
6316,1601,6316
6317,1601,6317
6318,1276,6318
6319,1569,6319
6320,1569,6320
6321,1580,6321
6322,1580,6322
6323,72,6323
6324,1569,6324
6325,1569,6325
6326,1568,6326
6327,1580,6327
6328,1580,6328
6329,1573,6329
6330,1537,6330
6331,1381,6331
6332,136,6332
6333,40,6333
6334,1388,6334
6335,109,6335
6336,1403,6336
6337,1059,6337
6338,871,6338
6339,978,6339
6340,978,6340
6341,978,6341
6342,1120,6342
6343,580,6343
6344,926,6344
6345,461,6345
6346,494,6346
6347,1282,6347
6348,136,6348
6349,136,6349
6350,808,6350
6351,1401,6351
6352,653,6352
6353,109,6353
6354,770,6354
6355,408,6355
6356,461,6356
6357,654,6357
6358,449,6358
6359,485,6359
6360,288,6360
6361,412,6361
6362,165,6362
6363,1249,6363
6364,719,6364
6365,1416,6365
6366,719,6366
6367,719,6367
6368,364,6368
6369,364,6369
6370,458,6370
6371,1102,6371
6372,791,6372
6373,666,6373
6374,364,6374
6375,1034,6375
6376,150,6376
6377,708,6377
6378,917,6378
6379,917,6379
6380,473,6380
6381,952,6381
6382,1577,6382
6383,817,6383
6384,723,6384
6385,723,6385
6386,266,6386
6387,1060,6387
6388,473,6388
6389,301,6389
6390,76,6390
6391,770,6391
6392,770,6392
6393,1218,6393
6394,1425,6394
6395,1439,6395
6396,682,6396
6397,89,6397
6398,463,6398
6399,279,6399
6400,738,6400
6401,738,6401
6402,713,6402
6403,742,6403
6404,742,6404
6405,742,6405
6406,742,6406
6407,290,6407
6408,713,6408
6409,52,6409
6410,1034,6410
6411,1345,6411
6412,712,6412
6413,752,6413
6414,279,6414
6415,1206,6415
6416,906,6416
6417,1605,6417
6418,713,6418
6419,710,6419
6420,712,6420
6421,121,6421
6422,164,6422
6423,1034,6423
6424,959,6424
6425,728,6425
6426,728,6426
6427,31,6427
6428,18,6428
6429,1278,6429
6430,184,6430
6431,118,6431
6432,1218,6432
6433,487,6433
6434,1526,6434
6435,241,6435
6436,485,6436
6437,1057,6437
6438,1057,6438
6439,950,6439
6440,855,6440
6441,731,6441
6442,258,6442
6443,355,6443
6444,724,6444
6445,879,6445
6446,40,6446
6447,287,6447
6448,452,6448
6449,688,6449
6450,693,6450
6451,735,6451
6452,735,6452
6453,685,6453
6454,1618,6454
6455,895,6455
6456,439,6456
6457,1064,6457
6458,724,6458
6459,724,6459
6460,1091,6460
6461,1091,6461
6462,753,6462
6463,753,6463
6464,753,6464
6465,442,6465
6466,442,6466
6467,210,6467
6468,538,6468
6469,1226,6469
6470,75,6470
6471,264,6471
6472,853,6472
6473,1422,6473
6474,1422,6474
6475,1425,6475
6476,580,6476
6477,828,6477
6478,847,6478
6479,1031,6479
6480,1048,6480
6481,1048,6481
6482,508,6482
6483,665,6483
6484,547,6484
6485,12,6485
6486,1618,6486
6487,437,6487
6488,1126,6488
6489,497,6489
6490,669,6490
6491,807,6491
6492,802,6492
6493,806,6493
6494,806,6494
6495,672,6495
6496,675,6496
6497,31,6497
6498,455,6498
6499,803,6499
6500,803,6500
6501,1410,6501
6502,1410,6502
6503,1500,6503
6504,808,6504
6505,808,6505
6506,71,6506
6507,71,6507
6508,1371,6508
6509,680,6509
6510,155,6510
6511,683,6511
6512,181,6512
6513,1175,6513
6514,1085,6514
6515,1380,6515
6516,112,6516
6517,58,6517
6518,1244,6518
6519,1175,6519
6520,1410,6520
6521,1410,6521
6522,1500,6522
6523,671,6523
6524,1175,6524
6525,107,6525
6526,52,6526
6527,834,6527
6528,162,6528
6529,398,6529
6530,489,6530
6531,808,6531
6532,210,6532
6533,210,6533
6534,937,6534
6535,450,6535
6536,715,6536
6537,155,6537
6538,128,6538
6539,1031,6539
6540,1031,6540
6541,258,6541
6542,264,6542
6543,1031,6543
6544,1034,6544
6545,1463,6545
6546,81,6546
6547,1430,6547
6548,656,6548
6549,877,6549
6550,734,6550
6551,734,6551
6552,489,6552
6553,1278,6553
6554,123,6554
6555,950,6555
6556,137,6556
6557,1113,6557
6558,75,6558
6559,75,6559
6560,75,6560
6561,75,6561
6562,75,6562
6563,1020,6563
6564,726,6564
6565,726,6565
6566,726,6566
6567,1231,6567
6568,1027,6568
6569,1231,6569
6570,1231,6570
6571,726,6571
6572,399,6572
6573,399,6573
6574,34,6574
6575,185,6575
6576,675,6576
6577,848,6577
6578,690,6578
6579,1028,6579
6580,915,6580
6581,738,6581
6582,738,6582
6583,1085,6583
6584,1615,6584
6585,682,6585
6586,1618,6586
6587,1417,6587
6588,720,6588
6589,665,6589
6590,1048,6590
6591,1114,6591
6592,185,6592
6593,448,6593
6594,692,6594
6595,692,6595
6596,693,6596
6597,1430,6597
6598,34,6598
6599,707,6599
6600,707,6600
6601,707,6601
6602,707,6602
6603,707,6603
6604,332,6604
6605,27,6605
6606,1343,6606
6607,1430,6607
6608,27,6608
6609,27,6609
6610,170,6610
6611,193,6611
6612,193,6612
6613,193,6613
6614,887,6614
6615,887,6615
6616,1445,6616
6617,1445,6617
6618,1445,6618
6619,895,6619
6620,27,6620
6621,1249,6621
6622,1423,6622
6623,1259,6623
6624,1430,6624
6625,1466,6625
6626,950,6626
6627,1033,6627
6628,1033,6628
6629,1631,6629
6630,1631,6630
6631,1631,6631
6632,888,6632
6633,893,6633
6634,893,6634
6635,731,6635
6636,1631,6636
6637,1631,6637
6638,859,6638
6639,860,6639
6640,863,6640
6641,863,6641
6642,868,6642
6643,868,6643
6644,868,6644
6645,871,6645
6646,860,6646
6647,1527,6647
6648,29,6648
6649,81,6649
6650,81,6650
6651,1435,6651
6652,803,6652
6653,659,6653
6654,1156,6654
6655,137,6655
6656,1463,6656
6657,1463,6657
6658,1625,6658
6659,693,6659
6660,1442,6660
6661,218,6661
6662,1051,6662
6663,719,6663
6664,1091,6664
6665,855,6665
6666,1031,6666
6667,703,6667
6668,703,6668
6669,1373,6669
6670,1615,6670
6671,18,6671
6672,137,6672
6673,279,6673
6674,752,6674
6675,481,6675
6676,887,6676
6677,279,6677
6678,279,6678
6679,1034,6679
6680,473,6680
6681,1422,6681
6682,1110,6682
6683,397,6683
6684,708,6684
6685,1337,6685
6686,493,6686
6687,1371,6687
6688,75,6688
6689,458,6689
6690,164,6690
6691,578,6691
6692,1425,6692
6693,1249,6693
6694,1442,6694
6695,720,6695
6696,725,6696
6697,708,6697
6698,802,6698
6699,1258,6699
6700,1611,6700
6701,1611,6701
6702,1611,6702
6703,170,6703
6704,170,6704
6705,1035,6705
6706,650,6706
6707,830,6707
6708,1423,6708
6709,151,6709
6710,287,6710
6711,289,6711
6712,412,6712
6713,638,6713
6714,828,6714
6715,741,6715
6716,352,6716
6717,148,6717
6718,888,6718
6719,1371,6719
6720,901,6720
6721,901,6721
6722,901,6722
6723,901,6723
6724,901,6724
6725,487,6725
6726,1442,6726
6727,1442,6727
6728,1442,6728
6729,875,6729
6730,218,6730
6731,1438,6731
6732,871,6732
6733,1218,6733
6734,1416,6734
6735,592,6735
6736,217,6736
6737,722,6737
6738,740,6738
6739,1422,6739
6740,1239,6740
6741,592,6741
6742,720,6742
6743,1416,6743
6744,32,6744
6745,1259,6745
6746,184,6746
6747,1160,6747
6748,1440,6748
6749,473,6749
6750,1233,6750
6751,1527,6751
6752,1420,6752
6753,1463,6753
6754,1463,6754
6755,1463,6755
6756,1463,6756
6757,741,6757
6758,1616,6758
6759,102,6759
6760,1276,6760
6761,722,6761
6762,829,6762
6763,1431,6763
6764,1408,6764
6765,1251,6765
6766,17,6766
6767,17,6767
6768,17,6768
6769,17,6769
6770,17,6770
6771,1251,6771
6772,837,6772
6773,17,6773
6774,17,6774
6775,1464,6775
6776,473,6776
6777,877,6777
6778,1048,6778
6779,1568,6779
6780,735,6780
6781,837,6781
6782,741,6782
6783,1566,6783
6784,829,6784
6785,727,6785
6786,727,6786
6787,727,6787
6788,481,6788
6789,735,6789
6790,481,6790
6791,793,6791
6792,607,6792
6793,218,6793
6794,678,6794
6795,720,6795
6796,1618,6796
6797,675,6797
6798,1430,6798
6799,118,6799
6800,1061,6800
6801,1274,6801
6802,434,6802
6803,707,6803
6804,1616,6804
6805,1463,6805
6806,1463,6806
6807,31,6807
6808,31,6808
6809,959,6809
6810,954,6810
6811,955,6811
6812,4,6812
6813,241,6813
6814,461,6814
6815,1585,6815
6816,1381,6816
6817,1047,6817
6818,118,6818
6819,1033,6819
6820,510,6820
6821,848,6821
6822,397,6822
6823,462,6823
6824,592,6824
6825,1398,6825
6826,449,6826
6827,1618,6827
6828,171,6828
6829,479,6829
6830,1380,6830
6831,75,6831
6832,1425,6832
6833,1425,6833
6834,952,6834
6835,949,6835
6836,1225,6836
6837,1225,6837
6838,955,6838
6839,959,6839
6840,1401,6840
6841,826,6841
6842,1261,6842
6843,829,6843
6844,929,6844
6845,929,6845
6846,923,6846
6847,102,6847
6848,729,6848
6849,854,6849
6850,855,6850
6851,1613,6851
6852,1613,6852
6853,1613,6853
6854,976,6854
6855,733,6855
6856,733,6856
6857,733,6857
6858,733,6858
6859,733,6859
6860,975,6860
6861,1025,6861
6862,980,6862
6863,564,6863
6864,1429,6864
6865,1429,6865
6866,1161,6866
6867,1161,6867
6868,1161,6868
6869,431,6869
6870,210,6870
6871,1605,6871
6872,746,6872
6873,274,6873
6874,745,6874
6875,927,6875
6876,923,6876
6877,733,6877
6878,1613,6878
6879,978,6879
6880,1060,6880
6881,977,6881
6882,145,6882
6883,463,6883
6884,42,6884
6885,42,6885
6886,42,6886
6887,42,6887
6888,1069,6888
6889,1430,6889
6890,496,6890
6891,218,6891
6892,218,6892
6893,950,6893
6894,717,6894
6895,1259,6895
6896,674,6896
6897,808,6897
6898,457,6898
6899,434,6899
6900,1031,6900
6901,210,6901
6902,497,6902
6903,649,6903
6904,46,6904
6905,664,6905
6906,888,6906
6907,510,6907
6908,1048,6908
6909,1044,6909
6910,1044,6910
6911,1420,6911
6912,1420,6912
6913,1616,6913
6914,1616,6914
6915,1616,6915
6916,1616,6916
6917,1045,6917
6918,1042,6918
6919,1030,6919
6920,80,6920
6921,1047,6921
6922,1041,6922
6923,1070,6923
6924,145,6924
6925,83,6925
6926,1439,6926
6927,678,6927
6928,802,6928
6929,1068,6929
6930,25,6930
6931,666,6931
6932,457,6932
6933,1021,6933
6934,733,6934
6935,916,6935
6936,1455,6936
6937,793,6937
6938,1417,6938
6939,503,6939
6940,1531,6940
6941,338,6941
6942,75,6942
6943,717,6943
6944,674,6944
6945,895,6945
6946,888,6946
6947,58,6947
6948,653,6948
6949,145,6949
6950,1065,6950
6951,1065,6951
6952,1065,6952
6953,1057,6953
6954,264,6954
6955,650,6955
6956,1031,6956
6957,1462,6957
6958,660,6958
6959,136,6959
6960,927,6960
6961,843,6961
6962,42,6962
6963,142,6963
6964,142,6964
6965,142,6965
6966,128,6966
6967,802,6967
6968,1616,6968
6969,1233,6969
6970,1233,6970
6971,1060,6971
6972,547,6972
6973,212,6973
6974,34,6974
6975,589,6975
6976,737,6976
6977,1621,6977
6978,342,6978
6979,712,6979
6980,23,6980
6981,85,6981
6982,215,6982
6983,716,6983
6984,860,6984
6985,841,6985
6986,849,6986
6987,481,6987
6988,408,6988
6989,639,6989
6990,913,6990
6991,919,6991
6992,664,6992
6993,808,6993
6994,648,6994
6995,877,6995
6996,829,6996
6997,722,6997
6998,678,6998
6999,1537,6999
7000,721,7000
7001,664,7001
7002,675,7002
7003,674,7003
7004,906,7004
7005,473,7005
7006,829,7006
7007,831,7007
7008,152,7008
7009,674,7009
7010,1527,7010
7011,831,7011
7012,831,7012
7013,825,7013
7014,578,7014
7015,1537,7015
7016,449,7016
7017,1271,7017
7018,23,7018
7019,1035,7019
7020,1112,7020
7021,466,7021
7022,874,7022
7023,874,7023
7024,837,7024
7025,1159,7025
7026,215,7026
7027,1580,7027
7028,1607,7028
7029,473,7029
7030,1030,7030
7031,830,7031
7032,830,7032
7033,1261,7033
7034,1261,7034
7035,826,7035
7036,826,7036
7037,1430,7037
7038,1430,7038
7039,954,7039
7040,955,7040
7041,957,7041
7042,959,7042
7043,962,7043
7044,962,7044
7045,963,7045
7046,1443,7046
7047,145,7047
7048,1455,7048
7049,1140,7049
7050,1527,7050
7051,1455,7051
7052,352,7052
7053,352,7053
7054,83,7054
7055,1619,7055
7056,1619,7056
7057,1619,7057
7058,457,7058
7059,653,7059
7060,653,7060
7061,442,7061
7062,442,7062
7063,442,7063
7064,442,7064
7065,1259,7065
7066,808,7066
7067,719,7067
7068,695,7068
7069,1533,7069
7070,1455,7070
7071,188,7071
7072,440,7072
7073,342,7073
7074,803,7074
7075,854,7075
7076,727,7076
7077,1021,7077
7078,1021,7078
7079,549,7079
7080,549,7080
7081,549,7081
7082,1000,7082
7083,1000,7083
7084,1000,7084
7085,1000,7085
7086,1024,7086
7087,1024,7087
7088,466,7088
7089,1439,7089
7090,461,7090
7091,137,7091
7092,1480,7092
7093,1480,7093
7094,374,7094
7095,1416,7095
7096,1000,7096
7097,1417,7097
7098,1278,7098
7099,1618,7099
7100,1618,7100
7101,1618,7101
7102,120,7102
7103,1277,7103
7104,41,7104
7105,1048,7105
7106,1533,7106
7107,674,7107
7108,1030,7108
7109,719,7109
7110,41,7110
7111,1233,7111
7112,666,7112
7113,1356,7113
7114,665,7114
7115,831,7115
7116,1160,7116
7117,1174,7117
7118,32,7118
7119,32,7119
7120,121,7120
7121,121,7121
7122,101,7122
7123,1045,7123
7124,1042,7124
7125,1030,7125
7126,80,7126
7127,80,7127
7128,1236,7128
7129,1047,7129
7130,1047,7130
7131,1047,7131
7132,1041,7132
7133,1041,7133
7134,1041,7134
7135,164,7135
7136,1035,7136
7137,1035,7137
7138,1035,7138
7139,1234,7139
7140,1174,7140
7141,1415,7141
7142,1531,7142
7143,1374,7143
7144,1085,7144
7145,685,7145
7146,1376,7146
7147,1376,7147
7148,1376,7148
7149,1178,7149
7150,1178,7150
7151,1569,7151
7152,1373,7152
7153,1568,7153
7154,1582,7154
7155,1569,7155
7156,1530,7156
7157,1175,7157
7158,1377,7158
7159,1376,7159
7160,1584,7160
7161,1423,7161
7162,1423,7162
7163,1423,7163
7164,1615,7164
7165,1615,7165
7166,674,7166
7167,1040,7167
7168,828,7168
7169,523,7169
7170,83,7170
7171,740,7171
7172,740,7172
7173,11,7173
7174,173,7174
7175,875,7175
7176,399,7176
7177,746,7177
7178,185,7178
7179,439,7179
7180,430,7180
7181,458,7181
7182,458,7182
7183,830,7183
7184,829,7184
7185,924,7185
7186,924,7186
7187,1401,7187
7188,1527,7188
7189,508,7189
7190,1527,7190
7191,1159,7191
7192,532,7192
7193,123,7193
7194,123,7194
7195,123,7195
7196,807,7196
7197,673,7197
7198,1618,7198
7199,716,7199
7200,8,7200
7201,2,7201
7202,893,7202
7203,959,7203
7204,952,7204
7205,23,7205
7206,276,7206
7207,1246,7207
7208,807,7208
7209,807,7209
7210,806,7210
7211,806,7211
7212,97,7212
7213,276,7213
7214,276,7214
7215,276,7215
7216,276,7216
7217,807,7217
7218,672,7218
7219,656,7219
7220,656,7220
7221,1114,7221
7222,660,7222
7223,660,7223
7224,126,7224
7225,1105,7225
7226,662,7226
7227,662,7227
7228,1607,7228
7229,1607,7229
7230,1163,7230
7231,1161,7231
7232,500,7232
7233,1428,7233
7234,1159,7234
7235,1607,7235
7236,1245,7236
7237,1500,7237
7238,650,7238
7239,455,7239
7240,455,7240
7241,811,7241
7242,811,7242
7243,811,7243
7244,811,7244
7245,811,7245
7246,1500,7246
7247,1410,7247
7248,1091,7248
7249,1091,7249
7250,1388,7250
7251,1388,7251
7252,792,7252
7253,810,7253
7254,1245,7254
7255,1245,7255
7256,1396,7256
7257,791,7257
7258,1435,7258
7259,1399,7259
7260,1399,7260
7261,457,7261
7262,1277,7262
7263,1035,7263
7264,1432,7264
7265,338,7265
7266,739,7266
7267,739,7267
7268,739,7268
7269,1417,7269
7270,1072,7270
7271,1394,7271
7272,791,7272
7273,1371,7273
7274,1085,7274
7275,1577,7275
7276,377,7276
7277,1583,7277
7278,720,7278
7279,36,7279
7280,724,7280
7281,18,7281
7282,80,7282
7283,1221,7283
7284,1220,7284
7285,1337,7285
7286,1337,7286
7287,1206,7287
7288,399,7288
7289,880,7289
7290,516,7290
7291,950,7291
7292,34,7292
7293,1033,7293
7294,1110,7294
7295,660,7295
7296,437,7296
7297,729,7297
7298,1218,7298
7299,1033,7299
7300,639,7300
7301,288,7301
7302,734,7302
7303,734,7303
7304,734,7304
7305,734,7305
7306,1390,7306
7307,1174,7307
7308,1534,7308
7309,717,7309
7310,1126,7310
7311,1071,7311
7312,807,7312
7313,807,7313
7314,152,7314
7315,1531,7315
7316,1174,7316
7317,720,7317
7318,193,7318
7319,220,7319
7320,666,7320
7321,1410,7321
7322,860,7322
7323,210,7323
7324,1042,7324
7325,121,7325
7326,1111,7326
7327,1374,7327
7328,901,7328
7329,807,7329
7330,1578,7330
7331,1381,7331
7332,753,7332
7333,1028,7333
7334,434,7334
7335,434,7335
7336,443,7336
7337,67,7337
7338,67,7338
7339,898,7339
7340,407,7340
7341,310,7341
7342,251,7342
7343,690,7343
7344,690,7344
7345,693,7345
7346,703,7346
7347,463,7347
7348,863,7348
7349,948,7349
7350,887,7350
7351,929,7351
7352,923,7352
7353,1204,7353
7354,1204,7354
7355,1351,7355
7356,1351,7356
7357,1234,7357
7358,1234,7358
7359,1044,7359
7360,1044,7360
7361,1422,7361
7362,1422,7362
7363,650,7363
7364,949,7364
7365,888,7365
7366,1345,7366
7367,1421,7367
7368,843,7368
7369,844,7369
7370,1030,7370
7371,181,7371
7372,1615,7372
7373,1533,7373
7374,717,7374
7375,721,7375
7376,205,7376
7377,841,7377
7378,462,7378
7379,462,7379
7380,217,7380
7381,481,7381
7382,481,7382
7383,735,7383
7384,503,7384
7385,173,7385
7386,43,7386
7387,808,7387
7388,212,7388
7389,1041,7389
7390,473,7390
7391,848,7391
7392,844,7392
7393,848,7393
7394,877,7394
7395,249,7395
7396,1402,7396
7397,109,7397
7398,1373,7398
7399,803,7399
7400,1356,7400
7401,143,7401
7402,353,7402
7403,282,7403
7404,58,7404
7405,342,7405
7406,717,7406
7407,449,7407
7408,674,7408
7409,289,7409
7410,689,7410
7411,589,7411
7412,835,7412
7413,592,7413
7414,720,7414
7415,439,7415
7416,808,7416
7417,1030,7417
7418,121,7418
7419,720,7419
7420,723,7420
7421,803,7421
7422,803,7422
7423,30,7423
7424,809,7424
7425,1455,7425
7426,496,7426
7427,164,7427
7428,184,7428
7429,1028,7429
7430,212,7430
7431,1126,7431
7432,1585,7432
7433,1429,7433
7434,1381,7434
7435,42,7435
7436,693,7436
7437,494,7437
7438,136,7438
7439,717,7439
7440,717,7440
7441,1348,7441
7442,664,7442
7443,803,7443
7444,332,7444
7445,342,7445
7446,1233,7446
7447,1233,7447
7448,728,7448
7449,948,7449
7450,1060,7450
7451,437,7451
7452,16,7452
7453,145,7453
7454,398,7454
7455,875,7455
7456,1578,7456
7457,226,7457
7458,676,7458
7459,1440,7459
7460,692,7460
7461,462,7461
7462,808,7462
7463,739,7463
7464,914,7464
7465,492,7465
7466,720,7466
7467,949,7467
7468,1247,7468
7469,1064,7469
7470,1246,7470
7471,1243,7471
7472,1060,7472
7473,1065,7473
7474,1061,7474
7475,1047,7475
7476,184,7476
7477,184,7477
7478,80,7478
7479,342,7479
7480,956,7480
7481,58,7481
7482,676,7482
7483,1527,7483
7484,148,7484
7485,845,7485
7486,457,7486
7487,745,7487
7488,686,7488
7489,1566,7489
7490,808,7490
7491,1126,7491
7492,746,7492
7493,1045,7493
7494,1030,7494
7495,1042,7495
7496,1416,7496
7497,516,7497
7498,184,7498
7499,703,7499
7500,703,7500
7501,1044,7501
7502,113,7502
7503,342,7503
7504,1041,7504
7505,1420,7505
7506,80,7506
7507,1604,7507
7508,1110,7508
7509,661,7509
7510,960,7510
7511,1045,7511
7512,270,7512
7513,128,7513
7514,649,7514
7515,398,7515
7516,1416,7516
7517,33,7517
7518,459,7518
7519,877,7519
7520,950,7520
7521,442,7521
7522,81,7522
7523,1455,7523
7524,877,7524
7525,877,7525
7526,877,7526
7527,1417,7527
7528,5,7528
7529,17,7529
7530,1579,7530
7531,679,7531
7532,1376,7532
7533,1417,7533
7534,731,7534
7535,888,7535
7536,665,7536
7537,274,7537
7538,532,7538
7539,1061,7539
7540,897,7540
7541,1160,7541
7542,888,7542
7543,18,7543
7544,1035,7544
7545,1042,7545
7546,1032,7546
7547,437,7547
7548,1527,7548
7549,1065,7549
7550,137,7550
7551,549,7551
7552,1388,7552
7553,1381,7553
7554,1031,7554
7555,44,7555
7556,496,7556
7557,352,7557
7558,220,7558
7559,742,7559
7560,1378,7560
7561,71,7561
7562,1417,7562
7563,896,7563
7564,895,7564
7565,649,7565
7566,1246,7566
7567,58,7567
7568,1206,7568
7569,18,7569
7570,1041,7570
7571,212,7571
7572,1118,7572
7573,960,7573
7574,719,7574
7575,1572,7575
7576,290,7576
7577,446,7577
7578,1126,7578
7579,81,7579
7580,81,7580
7581,3,7581
7582,648,7582
7583,648,7583
7584,407,7584
7585,407,7585
7586,407,7586
7587,407,7587
7588,1356,7588
7589,1356,7589
7590,1356,7590
7591,1356,7591
7592,1356,7592
7593,941,7593
7594,143,7594
7595,1432,7595
7596,1068,7596
7597,524,7597
7598,524,7598
7599,216,7599
7600,109,7600
7601,818,7601
7602,1285,7602
7603,1285,7603
7604,676,7604
7605,676,7605
7606,1045,7606
7607,32,7607
7608,649,7608
7609,1042,7609
7610,1285,7610
7611,650,7611
7612,650,7612
7613,833,7613
7614,834,7614
7615,1600,7615
7616,1600,7616
7617,270,7617
7618,747,7618
7619,747,7619
7620,747,7620
7621,1602,7621
7622,744,7622
7623,274,7623
7624,666,7624
7625,1065,7625
7626,1049,7626
7627,1605,7627
7628,833,7628
7629,1047,7629
7630,1355,7630
7631,332,7631
7632,701,7632
7633,1113,7633
7634,701,7634
7635,1236,7635
7636,877,7636
7637,85,7637
7638,181,7638
7639,1371,7639
7640,893,7640
7641,1445,7641
7642,891,7642
7643,892,7643
7644,813,7644
7645,15,7645
7646,1042,7646
7647,1439,7647
7648,1439,7648
7649,1031,7649
7650,212,7650
7651,437,7651
7652,437,7652
7653,1028,7653
7654,1371,7654
7655,81,7655
7656,842,7656
7657,874,7657
7658,1062,7658
7659,1062,7659
7660,747,7660
7661,1602,7661
7662,1603,7662
7663,1428,7663
7664,860,7664
7665,12,7665
7666,1035,7666
7667,80,7667
7668,55,7668
7669,1582,7669
7670,807,7670
7671,1068,7671
7672,1040,7672
7673,1040,7673
7674,1604,7674
7675,210,7675
7676,1000,7676
7677,922,7677
7678,917,7678
7679,822,7679
7680,822,7680
7681,30,7681
7682,1204,7682
7683,58,7683
7684,1244,7684
7685,1061,7685
7686,113,7686
7687,113,7687
7688,1261,7688
7689,811,7689
7690,909,7690
7691,849,7691
7692,849,7692
7693,196,7693
7694,1381,7694
7695,1277,7695
7696,817,7696
7697,818,7697
7698,439,7698
7699,1041,7699
7700,121,7700
7701,1047,7701
7702,1236,7702
7703,1346,7703
7704,16,7704
7705,17,7705
7706,1392,7706
7707,1581,7707
7708,1415,7708
7709,1585,7709
7710,683,7710
7711,683,7711
7712,817,7712
7713,1065,7713
7714,499,7714
7715,32,7715
7716,1111,7716
7717,1111,7717
7718,1111,7718
7719,437,7719
7720,180,7720
7721,401,7721
7722,1178,7722
7723,1380,7723
7724,676,7724
7725,976,7725
7726,152,7726
7727,137,7727
7728,564,7728
7729,976,7729
7730,978,7730
7731,728,7731
7732,1376,7732
7733,343,7733
7734,212,7734
7735,338,7735
7736,241,7736
7737,874,7737
7738,461,7738
7739,649,7739
7740,549,7740
7741,915,7741
7742,1526,7742
7743,374,7743
7744,1251,7744
7745,826,7745
7746,833,7746
7747,172,7747
7748,791,7748
7749,874,7749
7750,874,7750
7751,1381,7751
7752,679,7752
7753,1375,7753
7754,649,7754
7755,725,7755
7756,473,7756
7757,1243,7757
7758,374,7758
7759,442,7759
7760,473,7760
7761,653,7761
7762,653,7762
7763,713,7763
7764,651,7764
7765,1126,7765
7766,960,7766
7767,1581,7767
7768,487,7768
7769,487,7769
7770,42,7770
7771,194,7771
7772,683,7772
7773,41,7773
7774,142,7774
7775,660,7775
7776,651,7776
7777,1028,7777
7778,461,7778
7779,41,7779
7780,41,7780
7781,343,7781
7782,679,7782
7783,1376,7783
7784,869,7784
7785,719,7785
7786,802,7786
7787,1345,7787
7788,36,7788
7789,36,7789
7790,809,7790
7791,1244,7791
7792,1247,7792
7793,830,7793
7794,1428,7794
7795,1253,7795
7796,43,7796
7797,12,7797
7798,710,7798
7799,182,7799
7800,954,7800
7801,1380,7801
7802,143,7802
7803,457,7803
7804,29,7804
7805,1376,7805
7806,1277,7806
7807,1277,7807
7808,806,7808
7809,18,7809
7810,459,7810
7811,251,7811
7812,1068,7812
7813,555,7813
7814,1354,7814
7815,288,7815
7816,503,7816
7817,1399,7817
7818,173,7818
7819,45,7819
7820,1526,7820
7821,679,7821
7822,1375,7822
7823,41,7823
7824,719,7824
7825,820,7825
7826,1030,7826
7827,1402,7827
7828,1604,7828
7829,950,7829
7830,1602,7830
7831,651,7831
7832,182,7832
7833,113,7833
7834,830,7834
7835,661,7835
7836,338,7836
7837,956,7837
7838,955,7838
7839,1035,7839
7840,1567,7840
7841,455,7841
7842,455,7842
7843,1567,7843
7844,1567,7844
7845,1567,7845
7846,1567,7846
7847,113,7847
7848,1236,7848
7849,33,7849
7850,1529,7850
7851,181,7851
7852,664,7852
7853,676,7853
7854,845,7854
7855,844,7855
7856,150,7856
7857,457,7857
7858,734,7858
7859,825,7859
7860,798,7860
7861,1380,7861
7862,1581,7862
7863,730,7863
7864,377,7864
7865,1572,7865
7866,1085,7866
7867,651,7867
7868,193,7868
7869,807,7869
7870,5,7870
7871,1418,7871
7872,723,7872
7873,266,7873
7874,868,7874
7875,1253,7875
7876,676,7876
7877,923,7877
7878,728,7878
7879,23,7879
7880,1439,7880
7881,1040,7881
7882,1045,7882
7883,1021,7883
7884,917,7884
7885,1277,7885
7886,401,7886
7887,802,7887
7888,729,7888
7889,310,7889
7890,648,7890
7891,290,7891
7892,58,7892
7893,792,7893
7894,895,7894
7895,1344,7895
7896,1245,7896
7897,1247,7897
7898,1429,7898
7899,1429,7899
7900,651,7900
7901,113,7901
7902,1041,7902
7903,184,7903
7904,1124,7904
7905,952,7905
7906,950,7906
7907,1225,7907
7908,1225,7908
7909,1225,7909
7910,547,7910
7911,828,7911
7912,188,7912
7913,264,7913
7914,217,7914
7915,129,7915
7916,1253,7916
7917,287,7917
7918,1388,7918
7919,809,7919
7920,1604,7920
7921,813,7921
7922,352,7922
7923,458,7923
7924,829,7924
7925,662,7925
7926,264,7926
7927,1500,7927
7928,1531,7928
7929,1289,7929
7930,863,7930
7931,813,7931
7932,16,7932
7933,747,7933
7934,660,7934
7935,274,7935
7936,821,7936
7937,217,7937
7938,1022,7938
7939,916,7939
7940,1261,7940
7941,194,7941
7942,724,7942
7943,1391,7943
7944,794,7944
7945,1390,7945
7946,214,7946
7947,1569,7947
7948,1379,7948
7949,1577,7949
7950,1577,7950
7951,1371,7951
7952,1178,7952
7953,71,7953
7954,1376,7954
7955,215,7955
7956,719,7956
7957,828,7957
7958,673,7958
7959,30,7959
7960,810,7960
7961,869,7961
7962,653,7962
7963,352,7963
7964,747,7964
7965,1602,7965
7966,1039,7966
7967,651,7967
7968,33,7968
7969,1045,7969
7970,927,7970
7971,955,7971
7972,673,7972
7973,1418,7973
7974,15,7974
7975,660,7975
7976,662,7976
7977,1114,7977
7978,1114,7978
7979,1570,7979
7980,1174,7980
7981,1579,7981
7982,1575,7982
7983,4,7983
7984,118,7984
7985,204,7985
7986,355,7986
7987,841,7987
7988,857,7988
7989,1021,7989
7990,922,7990
7991,118,7991
7992,793,7992
7993,737,7993
7994,46,7994
7995,1375,7995
7996,1530,7996
7997,1530,7997
7998,1530,7998
7999,725,7999
8000,821,8000
8001,1500,8001
8002,457,8002
8003,1455,8003
8004,1602,8004
8005,1428,8005
8006,1428,8006
8007,1163,8007
8008,1378,8008
8009,52,8009
8010,50,8010
8011,497,8011
8012,397,8012
8013,747,8013
8014,1530,8014
8015,500,8015
8016,215,8016
8017,459,8017
8018,339,8018
8019,1432,8019
8020,205,8020
8021,463,8021
8022,188,8022
8023,214,8023
8024,1253,8024
8025,826,8025
8026,276,8026
8027,5,8027
8028,5,8028
8029,600,8029
8030,398,8030
8031,665,8031
8032,1567,8032
8033,1603,8033
8034,1371,8034
8035,1416,8035
8036,1028,8036
8037,719,8037
8038,41,8038
8039,716,8039
8040,731,8040
8041,891,8041
8042,810,8042
8043,146,8043
8044,1604,8044
8045,1244,8045
8046,671,8046
8047,1602,8047
8048,752,8048
8049,123,8049
8050,123,8050
8051,123,8051
8052,50,8052
8053,50,8053
8054,1425,8054
8055,951,8055
8056,951,8056
8057,425,8057
8058,705,8058
8059,1120,8059
8060,992,8060
8061,212,8061
8062,735,8062
8063,1390,8063
8064,509,8064
8065,3,8065
8066,1381,8066
8067,1234,8067
8068,92,8068
8069,29,8069
8070,209,8070
8071,1174,8071
8072,1531,8072
8073,1570,8073
8074,126,8074
8075,189,8075
8076,842,8076
8077,722,8077
8078,10,8078
8079,169,8079
8080,142,8080
8081,1379,8081
8082,737,8082
8083,673,8083
8084,802,8084
8085,1410,8085
8086,457,8086
8087,50,8087
8088,182,8088
8089,164,8089
8090,957,8090
8091,1223,8091
8092,813,8092
8093,180,8093
8094,960,8094
8095,960,8095
8096,963,8096
8097,399,8097
8098,829,8098
8099,809,8099
8100,959,8100
8101,1529,8101
8102,1529,8102
8103,1529,8103
8104,1605,8104
8105,1605,8105
8106,746,8106
8107,746,8107
8108,744,8108
8109,744,8109
8110,1603,8110
8111,241,8111
8112,1432,8112
8113,238,8113
8114,238,8114
8115,238,8115
8116,244,8116
8117,244,8117
8118,523,8118
8119,276,8119
8120,807,8120
8121,15,8121
8122,675,8122
8123,1259,8123
8124,1259,8124
8125,1259,8125
8126,741,8126
8127,897,8127
8128,1108,8128
8129,859,8129
8130,1605,8130
8131,848,8131
8132,896,8132
8133,1220,8133
8134,1249,8134
8135,264,8135
8136,833,8136
8137,489,8137
8138,1178,8138
8139,1530,8139
8140,142,8140
8141,1085,8141
8142,1378,8142
8143,1416,8143
8144,821,8144
8145,1244,8145
8146,27,8146
8147,857,8147
8148,184,8148
8149,33,8149
8150,212,8150
8151,152,8151
8152,152,8152
8153,152,8153
8154,404,8154
8155,180,8155
8156,1024,8156
8157,595,8157
8158,121,8158
8159,1035,8159
8160,649,8160
8161,850,8161
8162,1289,8162
8163,1289,8163
8164,1289,8164
8165,1289,8165
8166,1289,8166
8167,209,8167
8168,209,8168
8169,722,8169
8170,792,8170
8171,714,8171
8172,720,8172
8173,43,8173
8174,653,8174
8175,1256,8175
8176,869,8176
8177,217,8177
8178,737,8178
8179,726,8179
8180,500,8180
8181,897,8181
8182,164,8182
8183,1041,8183
8184,1035,8184
8185,1040,8185
8186,1049,8186
8187,1045,8187
8188,113,8188
8189,1236,8189
8190,164,8190
8191,439,8191
8192,1112,8192
8193,980,8193
8194,980,8194
8195,977,8195
8196,977,8196
8197,977,8197
8198,976,8198
8199,976,8199
8200,170,8200
8201,1102,8201
8202,1102,8202
8203,713,8203
8204,714,8204
8205,715,8205
8206,523,8206
8207,129,8207
8208,407,8208
8209,795,8209
8210,608,8210
8211,1530,8211
8212,1530,8212
8213,1377,8213
8214,811,8214
8215,1604,8215
8216,675,8216
8217,1418,8217
8218,226,8218
8219,1258,8219
8220,871,8220
8221,1103,8221
8222,113,8222
8223,16,8223
8224,798,8224
8225,1253,8225
8226,146,8226
8227,927,8227
8228,1346,8228
8229,1346,8229
8230,448,8230
8231,666,8231
8232,508,8232
8233,665,8233
8234,664,8234
8235,4,8235
8236,671,8236
8237,1247,8237
8238,895,8238
8239,896,8239
8240,1579,8240
8241,1577,8241
8242,1577,8242
8243,923,8243
8244,923,8244
8245,500,8245
8246,1577,8246
8247,924,8247
8248,1579,8248
8249,1346,8249
8250,408,8250
8251,97,8251
8252,377,8252
8253,36,8253
8254,205,8254
8255,863,8255
8256,877,8256
8257,422,8257
8258,660,8258
8259,656,8259
8260,67,8260
8261,922,8261
8262,916,8262
8263,922,8263
8264,188,8264
8265,222,8265
8266,399,8266
8267,399,8267
8268,1380,8268
8269,679,8269
8270,821,8270
8271,863,8271
8272,895,8272
8273,664,8273
8274,1402,8274
8275,665,8275
8276,813,8276
8277,276,8277
8278,442,8278
8279,442,8279
8280,863,8280
8281,871,8281
8282,67,8282
8283,722,8283
8284,6,8284
8285,680,8285
8286,1531,8286
8287,1349,8287
8288,592,8288
8289,1395,8289
8290,1395,8290
8291,5,8291
8292,554,8292
8293,180,8293
8294,34,8294
8295,847,8295
8296,1251,8296
8297,182,8297
8298,1470,8298
8299,1373,8299
8300,833,8300
8301,186,8301
8302,1394,8302
8303,608,8303
8304,196,8304
8305,682,8305
8306,1377,8306
8307,1376,8307
8308,41,8308
8309,185,8309
8310,673,8310
8311,1410,8311
8312,671,8312
8313,15,8313
8314,810,8314
8315,1604,8315
8316,806,8316
8317,752,8317
8318,374,8318
8319,274,8319
8320,1411,8320
8321,226,8321
8322,422,8322
8323,1412,8323
8324,448,8324
8325,1605,8325
8326,1377,8326
8327,744,8327
8328,270,8328
8329,863,8329
8330,863,8330
8331,377,8331
8332,33,8332
8333,1401,8333
8334,963,8334
8335,963,8335
8336,1418,8336
8337,312,8337
8338,549,8338
8339,492,8339
8340,1570,8340
8341,1371,8341
8342,1373,8342
8343,50,8343
8344,672,8344
8345,509,8345
8346,264,8346
8347,2,8347
8348,2,8348
8349,807,8349
8350,1356,8350
8351,15,8351
8352,833,8352
8353,1500,8353
8354,472,8354
8355,146,8355
8356,1380,8356
8357,1531,8357
8358,1582,8358
8359,1353,8359
8360,1175,8360
8361,865,8361
8362,509,8362
8363,809,8363
8364,1243,8364
8365,15,8365
8366,1285,8366
8367,1285,8367
8368,210,8368
8369,210,8369
8370,1602,8370
8371,1602,8371
8372,472,8372
8373,113,8373
8374,827,8374
8375,956,8375
8376,953,8376
8377,1285,8377
8378,791,8378
8379,892,8379
8380,889,8380
8381,443,8381
8382,46,8382
8383,1246,8383
8384,439,8384
8385,251,8385
8386,741,8386
8387,251,8387
8388,168,8388
8389,8,8389
8390,1393,8390
8391,686,8391
8392,109,8392
8393,682,8393
8394,1085,8394
8395,721,8395
8396,1604,8396
8397,708,8397
8398,1421,8398
8399,1032,8399
8400,1040,8400
8401,1255,8401
8402,927,8402
8403,961,8403
8404,16,8404
8405,1531,8405
8406,1175,8406
8407,120,8407
8408,608,8408
8409,1584,8409
8410,1584,8410
8411,1584,8411
8412,868,8412
8413,274,8413
8414,862,8414
8415,723,8415
8416,547,8416
8417,651,8417
8418,871,8418
8419,724,8419
8420,33,8420
8421,30,8421
8422,917,8422
8423,608,8423
8424,790,8424
8425,208,8425
8426,398,8426
8427,963,8427
8428,684,8428
8429,721,8429
8430,893,8430
8431,669,8431
8432,1500,8432
8433,118,8433
8434,975,8434
8435,926,8435
8436,353,8436
8437,841,8437
8438,675,8438
8439,1223,8439
8440,276,8440
8441,1085,8441
8442,97,8442
8443,264,8443
8444,182,8444
8445,1603,8445
8446,860,8446
8447,1025,8447
8448,446,8448
8449,1602,8449
8450,792,8450
8451,1392,8451
8452,210,8452
8453,274,8453
8454,210,8454
8455,210,8455
8456,210,8456
8457,1603,8457
8458,1428,8458
8459,818,8459
8460,745,8460
8461,210,8461
8462,1582,8462
8463,1582,8463
8464,1418,8464
8465,924,8465
8466,129,8466
8467,675,8467
8468,1238,8468
8469,793,8469
8470,1585,8470
8471,1379,8471
8472,9,8472
8473,9,8473
8474,924,8474
8475,818,8475
8476,1246,8476
8477,809,8477
8478,15,8478
8479,673,8479
8480,675,8480
8481,862,8481
8482,220,8482
8483,1236,8483
8484,1042,8484
8485,661,8485
8486,353,8486
8487,270,8487
8488,398,8488
8489,1174,8489
8490,408,8490
8491,1356,8491
8492,1356,8492
8493,209,8493
8494,209,8494
8495,209,8495
8496,716,8496
8497,1416,8497
8498,718,8498
8499,213,8499
8500,1277,8500
8501,718,8501
8502,718,8502
8503,718,8503
8504,718,8504
8505,213,8505
8506,83,8506
8507,976,8507
8508,25,8508
8509,407,8509
8510,407,8510
8511,407,8511
8512,407,8512
8513,407,8513
8514,355,8514
8515,310,8515
8516,56,8516
8517,338,8517
8518,1114,8518
8519,877,8519
8520,443,8520
8521,714,8521
8522,970,8522
8523,162,8523
8524,85,8524
8525,398,8525
8526,1579,8526
8527,1570,8527
8528,1570,8528
8529,4,8529
8530,674,8530
8531,673,8531
8532,675,8532
8533,1206,8533
8534,270,8534
8535,497,8535
8536,1439,8536
8537,32,8537
8538,184,8538
8539,924,8539
8540,924,8540
8541,1124,8541
8542,437,8542
8543,120,8543
8544,4,8544
8545,173,8545
8546,126,8546
8547,244,8547
8548,148,8548
8549,1356,8549
8550,1356,8550
8551,1356,8551
8552,1529,8552
8553,1253,8553
8554,1278,8554
8555,118,8555
8556,469,8556
8557,172,8557
8558,100,8558
8559,214,8559
8560,1376,8560
8561,1569,8561
8562,1585,8562
8563,1174,8563
8564,862,8564
8565,817,8565
8566,1348,8566
8567,128,8567
8568,509,8568
8569,1410,8569
8570,674,8570
8571,868,8571
8572,926,8572
8573,266,8573
8574,656,8574
8575,953,8575
8576,963,8576
8577,145,8577
8578,266,8578
8579,1530,8579
8580,1174,8580
8581,276,8581
8582,276,8582
8583,276,8583
8584,669,8584
8585,669,8585
8586,58,8586
8587,5,8587
8588,807,8588
8589,15,8589
8590,674,8590
8591,30,8591
8592,810,8592
8593,810,8593
8594,204,8594
8595,245,8595
8596,941,8596
8597,1344,8597
8598,27,8598
8599,83,8599
8600,1039,8600
8601,809,8601
8602,145,8602
8603,448,8603
8604,621,8604
8605,621,8605
8606,1024,8606
8607,118,8607
8608,607,8608
8609,687,8609
8610,1569,8610
8611,215,8611
8612,9,8612
8613,128,8613
8614,547,8614
8615,509,8615
8616,802,8616
8617,5,8617
8618,1604,8618
8619,952,8619
8620,621,8620
8621,621,8621
8622,220,8622
8623,1526,8623
8624,1025,8624
8625,1526,8625
8626,961,8626
8627,214,8627
8628,1531,8628
8629,684,8629
8630,818,8630
8631,1418,8631
8632,1398,8632
8633,1526,8633
8634,1526,8634
8635,1526,8635
8636,1415,8636
8637,97,8637
8638,97,8638
8639,675,8639
8640,752,8640
8641,270,8641
8642,404,8642
8643,404,8643
8644,737,8644
8645,164,8645
8646,662,8646
8647,672,8647
8648,162,8648
8649,36,8649
8650,1243,8650
8651,555,8651
8652,407,8652
8653,695,8653
8654,1440,8654
8655,838,8655
8656,169,8656
8657,716,8657
8658,1175,8658
8659,1175,8659
8660,1530,8660
8661,1530,8661
8662,377,8662
8663,1376,8663
8664,36,8664
8665,9,8665
8666,58,8666
8667,516,8667
8668,210,8668
8669,220,8669
8670,56,8670
8671,339,8671
8672,10,8672
8673,101,8673
8674,1047,8674
8675,164,8675
8676,1234,8676
8677,1422,8677
8678,1032,8678
8679,181,8679
8680,1374,8680
8681,1374,8681
8682,1374,8682
8683,1584,8683
8684,1579,8684
8685,1381,8685
8686,181,8686
8687,14,8687
8688,1071,8688
8689,196,8689
8690,150,8690
8691,848,8691
8692,353,8692
8693,830,8693
8694,371,8694
8695,929,8695
8696,963,8696
8697,723,8697
8698,1411,8698
8699,716,8699
8700,802,8700
8701,182,8701
8702,838,8702
8703,835,8703
8704,835,8704
8705,1380,8705
8706,204,8706
8707,1346,8707
8708,27,8708
8709,46,8709
8710,52,8710
8711,146,8711
8712,865,8712
8713,137,8713
8714,1049,8714
8715,1277,8715
8716,806,8716
8717,220,8717
8718,220,8718
8719,673,8719
8720,1244,8720
8721,1028,8721
8722,974,8722
8723,353,8723
8724,353,8724
8725,1223,8725
8726,564,8726
8727,564,8727
8728,564,8728
8729,1025,8729
8730,977,8730
8731,715,8731
8732,687,8732
8733,1190,8733
8734,205,8734
8735,848,8735
8736,795,8736
8737,790,8737
8738,809,8738
8739,137,8739
8740,722,8740
8741,740,8741
8742,180,8742
8743,929,8743
8744,928,8744
8745,725,8745
8746,737,8746
8747,1600,8747
8748,1600,8748
8749,1600,8749
8750,1600,8750
8751,472,8751
8752,270,8752
8753,270,8753
8754,270,8754
8755,404,8755
8756,747,8756
8757,1602,8757
8758,1602,8758
8759,1602,8759
8760,746,8760
8761,746,8761
8762,1603,8762
8763,1603,8763
8764,1603,8764
8765,745,8765
8766,745,8766
8767,745,8767
8768,859,8768
8769,1393,8769
8770,1393,8770
8771,1396,8771
8772,1396,8772
8773,600,8773
8774,600,8774
8775,1398,8775
8776,1394,8776
8777,1394,8777
8778,1392,8778
8779,1435,8779
8780,1395,8780
8781,1395,8781
8782,592,8782
8783,592,8783
8784,503,8784
8785,1391,8785
8786,186,8786
8787,186,8787
8788,1248,8788
8789,62,8789
8790,62,8790
8791,312,8791
8792,112,8792
8793,490,8793
8794,8,8794
8795,1246,8795
8796,1440,8796
8797,860,8797
8798,1105,8798
8799,55,8799
8800,126,8800
8801,600,8801
8802,592,8802
8803,595,8803
8804,595,8804
8805,1388,8805
8806,43,8806
8807,238,8807
8808,842,8808
8809,1022,8809
8810,1022,8810
8811,215,8811
8812,895,8812
8813,730,8813
8814,18,8814
8815,869,8815
8816,1205,8816
8817,339,8817
8818,809,8818
8819,18,8819
8820,129,8820
8821,1397,8821
8822,802,8822
8823,118,8823
8824,18,8824
8825,169,8825
8826,9,8826
8827,665,8827
8828,5,8828
8829,813,8829
8830,251,8830
8831,1068,8831
8832,1396,8832
8833,1533,8833
8834,92,8834
8835,443,8835
8836,595,8836
8837,371,8837
8838,45,8838
8839,173,8839
8840,1570,8840
8841,716,8841
8842,1278,8842
8843,185,8843
8844,5,8844
8845,5,8845
8846,97,8846
8847,97,8847
8848,802,8848
8849,869,8849
8850,52,8850
8851,404,8851
8852,1039,8852
8853,1567,8853
8854,188,8854
8855,52,8855
8856,833,8856
8857,164,8857
8858,282,8858
8859,276,8859
8860,654,8860
8861,34,8861
8862,204,8862
8863,204,8863
8864,150,8864
8865,23,8865
8866,1392,8866
8867,1248,8867
8868,1248,8868
8869,222,8869
8870,71,8870
8871,343,8871
8872,377,8872
8873,744,8873
8874,1174,8874
8875,109,8875
8876,109,8876
8877,97,8877
8878,1418,8878
8879,869,8879
8880,950,8880
8881,126,8881
8882,264,8882
8883,353,8883
8884,126,8884
8885,963,8885
8886,1568,8886
8887,1174,8887
8888,957,8888
8889,671,8889
8890,41,8890
8891,5,8891
8892,173,8892
8893,1105,8893
8894,953,8894
8895,146,8895
8896,142,8896
8897,58,8897
8898,310,8898
8899,840,8899
8900,847,8900
8901,1355,8901
8902,1392,8902
8903,744,8903
8904,343,8904
8905,1205,8905
8906,708,8906
8907,744,8907
8908,1126,8908
8909,264,8909
8910,137,8910
8911,170,8911
8912,437,8912
8913,437,8913
8914,1353,8914
8915,1399,8915
8916,595,8916
8917,1255,8917
8918,155,8918
8919,214,8919
8920,976,8920
8921,662,8921
8922,146,8922
8923,1600,8923
8924,674,8924
8925,338,8925
8926,843,8926
8927,463,8927
8928,463,8928
8929,1533,8929
8930,401,8930
8931,401,8931
8932,1373,8932
8933,1374,8933
8934,36,8934
8935,1481,8935
8936,404,8936
8937,1440,8937
8938,723,8938
8939,493,8939
8940,213,8940
8941,343,8941
8942,725,8942
8943,170,8943
8944,443,8944
8945,1349,8945
8946,185,8946
8947,1373,8947
8948,1373,8948
8949,1582,8949
8950,1582,8950
8951,1566,8951
8952,1580,8952
8953,1575,8953
8954,1575,8954
8955,1575,8955
8956,1576,8956
8957,1576,8957
8958,1572,8958
8959,1572,8959
8960,1584,8960
8961,1584,8961
8962,1537,8962
8963,1174,8963
8964,1579,8964
8965,1567,8965
8966,1578,8966
8967,843,8967
8968,71,8968
8969,564,8969
8970,1537,8970
8971,211,8971
8972,211,8972
8973,211,8973
8974,943,8974
8975,943,8975
8976,943,8976
8977,943,8977
8978,943,8978
8979,1288,8979
8980,281,8980
8981,281,8981
8982,281,8982
8983,281,8983
8984,554,8984
8985,282,8985
8986,282,8986
8987,282,8987
8988,944,8988
8989,944,8989
8990,944,8990
8991,281,8991
8992,281,8992
8993,281,8993
8994,554,8994
8995,554,8995
8996,62,8996
8997,44,8997
8998,1344,8998
8999,150,8999
9000,737,9000
9001,1434,9001
9002,1375,9002
9003,1445,9003
9004,36,9004
9005,671,9005
9006,1190,9006
9007,113,9007
9008,661,9008
9009,161,9009
9010,842,9010
9011,281,9011
9012,1108,9012
9013,846,9013
9014,463,9014
9015,1238,9015
9016,664,9016
9017,508,9017
9018,439,9018
9019,56,9019
9020,338,9020
9021,4,9021
9022,189,9022
9023,692,9023
9024,1022,9024
9025,1114,9025
9026,869,9026
9027,1402,9027
9028,875,9028
9029,1114,9029
9030,1175,9030
9031,184,9031
9032,184,9032
9033,212,9033
9034,43,9034
9035,1421,9035
9036,737,9036
9037,1409,9037
9038,1409,9038
9039,737,9039
9040,673,9040
9041,472,9041
9042,747,9042
9043,745,9043
9044,6,9044
9045,665,9045
9046,896,9046
9047,896,9047
9048,1020,9048
9049,1024,9049
9050,862,9050
9051,953,9051
9052,953,9052
9053,953,9053
9054,955,9054
9055,957,9055
9056,959,9056
9057,960,9057
9058,961,9058
9059,961,9059
9060,180,9060
9061,1025,9061
9062,919,9062
9063,702,9063
9064,353,9064
9065,62,9065
9066,85,9066
9067,796,9067
9068,796,9068
9069,796,9069
9070,1397,9070
9071,862,9071
9072,1253,9072
9073,1389,9073
9074,1389,9074
9075,608,9075
9076,222,9076
9077,795,9077
9078,798,9078
9079,797,9079
9080,797,9080
9081,799,9081
9082,6,9082
9083,6,9083
9084,607,9084
9085,1248,9085
9086,1248,9086
9087,791,9087
9088,208,9088
9089,1388,9089
9090,1249,9090
9091,1393,9091
9092,639,9092
9093,639,9093
9094,639,9094
9095,639,9095
9096,496,9096
9097,496,9097
9098,680,9098
9099,1530,9099
9100,1530,9100
9101,23,9101
9102,25,9102
9103,659,9103
9104,523,9104
9105,407,9105
9106,194,9106
9107,29,9107
9108,1022,9108
9109,1378,9109
9110,71,9110
9111,1374,9111
9112,818,9112
9113,1245,9113
9114,1245,9114
9115,1245,9115
9116,1245,9116
9117,1245,9117
9118,1245,9118
9119,220,9119
9120,928,9120
9121,1108,9121
9122,686,9122
9123,1108,9123
9124,1259,9124
9125,56,9125
9126,672,9126
9127,1246,9127
9128,806,9128
9129,806,9129
9130,276,9130
9131,276,9131
9132,685,9132
9133,1375,9133
9134,1379,9134
9135,1379,9135
9136,1039,9136
9137,795,9137
9138,472,9138
9139,113,9139
9140,491,9140
9141,52,9141
9142,915,9142
9143,798,9143
9144,1533,9144
9145,1533,9145
9146,860,9146
9147,661,9147
9148,353,9148
9149,44,9149
9150,50,9150
9151,869,9151
9152,1396,9152
9153,377,9153
9154,146,9154
9155,669,9155
9156,809,9156
9157,188,9157
9158,826,9158
9159,564,9159
9160,716,9160
9161,1278,9161
9162,718,9162
9163,718,9163
9164,213,9164
9165,213,9165
9166,9,9166
9167,213,9167
9168,463,9168
9169,919,9169
9170,1394,9170
9171,1377,9171
9172,1481,9172
9173,745,9173
9174,1190,9174
9175,746,9175
9176,493,9176
9177,493,9177
9178,492,9178
9179,1251,9179
9180,1251,9180
9181,837,9181
9182,469,9182
9183,469,9183
9184,1455,9184
9185,1455,9185
9186,165,9186
9187,725,9187
9188,725,9188
9189,724,9189
9190,840,9190
9191,843,9191
9192,844,9192
9193,251,9193
9194,926,9194
9195,930,9195
9196,930,9196
9197,930,9197
9198,929,9198
9199,975,9199
9200,974,9200
9201,974,9201
9202,974,9202
9203,974,9203
9204,857,9204
9205,857,9205
9206,859,9206
9207,859,9207
9208,871,9208
9209,1355,9209
9210,1355,9210
9211,1355,9211
9212,697,9212
9213,697,9213
9214,478,9214
9215,478,9215
9216,478,9216
9217,478,9217
9218,490,9218
9219,1216,9219
9220,1407,9220
9221,1220,9221
9222,204,9222
9223,204,9223
9224,204,9224
9225,204,9225
9226,143,9226
9227,143,9227
9228,143,9228
9229,143,9229
9230,143,9230
9231,143,9231
9232,241,9232
9233,241,9233
9234,1069,9234
9235,1069,9235
9236,1432,9236
9237,1068,9237
9238,1068,9238
9239,1068,9239
9240,148,9240
9241,148,9241
9242,245,9242
9243,245,9243
9244,1070,9244
9245,1070,9245
9246,1070,9246
9247,930,9247
9248,840,9248
9249,1068,9249
9250,143,9250
9251,143,9251
9252,44,9252
9253,679,9253
9254,33,9254
9255,847,9255
9256,839,9256
9257,684,9257
9258,155,9258
9259,680,9259
9260,687,9260
9261,1114,9261
9262,50,9262
9263,865,9263
9264,55,9264
9265,871,9265
9266,491,9266
9267,212,9267
9268,461,9268
9269,1388,9269
9270,1249,9270
9271,1277,9271
9272,817,9272
9273,708,9273
9274,802,9274
9275,547,9275
9276,547,9276
9277,377,9277
9278,377,9278
9279,825,9279
9280,825,9280
9281,827,9281
9282,827,9282
9283,827,9283
9284,830,9284
9285,831,9285
9286,831,9286
9287,23,9287
9288,100,9288
9289,692,9289
9290,1021,9290
9291,721,9291
9292,1347,9292
9293,118,9293
9294,537,9294
9295,827,9295
9296,44,9296
9297,727,9297
9298,859,9298
9299,120,9299
9300,1350,9300
9301,671,9301
9302,868,9302
9303,56,9303
9304,16,9304
9305,790,9305
9306,1239,9306
9307,922,9307
9308,339,9308
9309,724,9309
9310,89,9310
9311,842,9311
9312,145,9312
9313,721,9313
9314,194,9314
9315,186,9315
9316,169,9316
9317,169,9317
9318,683,9318
9319,1371,9319
9320,134,9320
9321,675,9321
9322,1253,9322
9323,496,9323
9324,220,9324
9325,656,9325
9326,1223,9326
9327,1028,9327
9328,1028,9328
9329,1028,9329
9330,184,9330
9331,184,9331
9332,184,9332
9333,342,9333
9334,342,9334
9335,342,9335
9336,342,9336
9337,342,9337
9338,129,9338
9339,129,9339
9340,129,9340
9341,129,9341
9342,129,9342
9343,129,9343
9344,129,9344
9345,212,9345
9346,212,9346
9347,212,9347
9348,212,9348
9349,212,9349
9350,43,9350
9351,43,9351
9352,43,9352
9353,43,9353
9354,43,9354
9355,43,9355
9356,43,9356
9357,1039,9357
9358,1039,9358
9359,1039,9359
9360,1039,9360
9361,16,9361
9362,16,9362
9363,16,9363
9364,16,9364
9365,16,9365
9366,16,9366
9367,33,9367
9368,33,9368
9369,33,9369
9370,33,9370
9371,33,9371
9372,18,9372
9373,18,9373
9374,18,9374
9375,649,9375
9376,649,9376
9377,649,9377
9378,649,9378
9379,52,9379
9380,52,9380
9381,52,9381
9382,52,9382
9383,52,9383
9384,23,9384
9385,23,9385
9386,23,9386
9387,23,9387
9388,23,9388
9389,23,9389
9390,23,9390
9391,23,9391
9392,23,9392
9393,651,9393
9394,651,9394
9395,651,9395
9396,651,9396
9397,32,9397
9398,32,9398
9399,182,9399
9400,182,9400
9401,182,9401
9402,182,9402
9403,56,9403
9404,56,9404
9405,56,9405
9406,56,9406
9407,811,9407
9408,44,9408
9409,841,9409
9410,150,9410
9411,1440,9411
9412,795,9412
9413,45,9413
9414,1375,9414
9415,687,9415
9416,682,9416
9417,339,9417
9418,10,9418
9419,1108,9419
9420,1105,9420
9421,1115,9421
9422,1115,9422
9423,44,9423
9424,1253,9424
9425,152,9425
9426,152,9426
9427,802,9427
9428,100,9428
9429,865,9429
9430,679,9430
9431,71,9431
9432,1371,9432
9433,377,9433
9434,680,9434
9435,678,9435
9436,678,9436
9437,682,9437
9438,682,9438
9439,682,9439
9440,155,9440
9441,169,9441
9442,169,9442
9443,169,9443
9444,181,9444
9445,684,9445
9446,215,9446
9447,215,9447
9448,1378,9448
9449,685,9449
9450,1375,9450
9451,1375,9451
9452,687,9452
9453,687,9453
9454,1353,9454
9455,312,9455
9456,312,9456
9457,312,9457
9458,45,9458
9459,794,9459
9460,794,9460
9461,794,9461
9462,794,9462
9463,654,9463
9464,168,9464
9465,168,9465
9466,168,9466
9467,46,9467
9468,46,9468
9469,796,9469
9470,1397,9470
9471,1397,9471
9472,795,9472
9473,795,9473
9474,1377,9474
9475,798,9475
9476,1434,9476
9477,1434,9477
9478,276,9478
9479,708,9479
9480,708,9480
9481,1245,9481
9482,1243,9482
9483,798,9483
9484,708,9484
9485,1239,9485
9486,922,9486
9487,913,9487
9488,913,9488
9489,917,9489
9490,919,9490
9491,921,9491
9492,921,9492
9493,915,9493
9494,921,9494
9495,921,9495
9496,920,9496
9497,148,9497
9498,793,9498
9499,793,9499
9500,793,9500
9501,173,9501
9502,173,9502
9503,173,9503
9504,469,9504
9505,10,9505
9506,109,9506
9507,128,9507
9508,669,9508
9509,169,9509
9510,128,9510
9511,869,9511
9512,793,9512
9513,798,9513
9514,793,9514
9515,1390,9515
9516,172,9516
9517,216,9517
9518,196,9518
9519,213,9519
9520,1190,9520
9521,537,9521
9522,1069,9522
9523,173,9523
9524,913,9524
9525,1388,9525
9526,1353,9526
9527,865,9527
9528,93,9528
9529,868,9529
9530,251,9530
9531,1231,9531
9532,1231,9532
9533,1377,9533
9534,724,9534
9535,339,9535
9536,682,9536
9537,134,9537
9538,71,9538
9539,215,9539
9540,662,9540
9541,686,9541
9542,669,9542
9543,222,9543
9544,790,9544
9545,146,9545
9546,339,9546
9547,146,9547
9548,1108,9548
9549,214,9549
9550,723,9550
9551,726,9551
9552,44,9552
9553,208,9553
9554,508,9554
9555,172,9555
9556,654,9556
9557,1377,9557
9558,1085,9558
9559,683,9559
9560,128,9560
9561,673,9561
9562,675,9562
9563,439,9563
9564,862,9564
9565,865,9565
9566,129,9566
9567,12,9567
9568,126,9568
9569,339,9569
9570,126,9570
9571,1461,9571
9572,214,9572
9573,215,9573
9574,1278,9574
9575,152,9575
9576,23,9576
9577,67,9577
9578,791,9578
9579,109,9579
9580,343,9580
9581,669,9581
9582,686,9582
9583,155,9583
9584,685,9584
9585,142,9585
9586,679,9586
9587,120,9587
9588,1348,9588
9589,276,9589
9590,708,9590
9591,806,9591
9592,1108,9592
9593,975,9593
9594,661,9594
9595,957,9595
9596,56,9596
9597,220,9597
9598,1258,9598
9599,686,9599
9600,687,9600
9601,793,9601
9602,45,9602
9603,71,9603
9604,1105,9604
9605,549,9605
9606,679,9606
9607,214,9607
9608,9,9608
9609,478,9609
9610,120,9610
9611,1024,9611
9612,1397,9612
9613,807,9613
9614,524,9614
9615,648,9615
9616,1390,9616
9617,186,9617
9618,607,9618
9619,875,9619
9620,678,9620
9621,678,9621
9622,377,9622
9623,1376,9623
9624,497,9624
9625,661,9625
9626,860,9626
9627,868,9627
9628,868,9628
9629,10,9629
9630,922,9630
9631,524,9631
9632,841,9632
9633,841,9633
9634,55,9634
9635,109,9635
9636,723,9636
9637,726,9637
9638,726,9638
9639,173,9639
9640,974,9640
9641,1353,9641
9642,168,9642
9643,10,9643
9644,1004,9644
9645,674,9645
9646,172,9646
9647,241,9647
9648,695,9648
9649,919,9649
9650,56,9650
9651,489,9651
9652,1231,9652
9653,862,9653
9654,919,9654
9655,915,9655
9656,10,9656
9657,10,9657
9658,338,9658
9659,216,9659
9660,1371,9660
9661,687,9661
9662,679,9662
9663,716,9663
9664,818,9664
9665,896,9665
9666,896,9666
9667,5,9667
9668,1407,9668
9669,1113,9669
9670,52,9670
9671,339,9671
9672,1461,9672
9673,1461,9673
9674,957,9674
9675,1223,9675
9676,1223,9676
9677,251,9677
9678,46,9678
9679,43,9679
9680,496,9680
9681,1397,9681
9682,44,9682
9683,134,9683
9684,146,9684
9685,62,9685
9686,168,9686
9687,155,9687
9688,377,9688
9689,276,9689
9690,472,9690
9691,1440,9691
9692,930,9692
9693,146,9693
9694,943,9694
9695,921,9695
9696,85,9696
9697,921,9697
9698,142,9698
9699,45,9699
9700,1481,9700
9701,1396,9701
9702,683,9702
9703,44,9703
9704,661,9704
9705,1432,9705
9706,109,9706
9707,377,9707
9708,682,9708
9709,9,9709
9710,120,9710
9711,1246,9711
9712,1244,9712
9713,1416,9713
9714,1416,9714
9715,1393,9715
9716,196,9716
9717,708,9717
9718,895,9718
9719,524,9719
9720,798,9720
9721,9,9721
9722,338,9722
9723,408,9723
9724,146,9724
9725,245,9725
9726,791,9726
9727,161,9727
9728,1130,9728
9729,1130,9729
9730,55,9730
9731,204,9731
9732,194,9732
9733,112,9733
9734,859,9734
9735,914,9735
9736,919,9736
9737,9,9737
9738,828,9738
9739,6,9739
9740,1396,9740
9741,791,9741
9742,795,9742
9743,608,9743
9744,687,9744
9745,71,9745
9746,1337,9746
9747,708,9747
9748,675,9748
9749,651,9749
9750,807,9750
9751,679,9751
9752,847,9752
9753,845,9753
9754,1354,9754
9755,656,9755
9756,793,9756
9757,827,9757
9758,795,9758
9759,214,9759
9760,654,9760
9761,1394,9761
9762,1389,9762
9763,109,9763
9764,685,9764
9765,1246,9765
9766,621,9766
9767,1440,9767
9768,264,9768
9769,715,9769
9770,828,9770
9771,1261,9771
9772,855,9772
9773,891,9773
9774,1345,9774
9775,1219,9775
9776,1354,9776
9777,855,9777
9778,516,9778
9779,686,9779
9780,686,9780
9781,685,9781
9782,155,9782
9783,679,9783
9784,1353,9784
9785,264,9785
9786,680,9786
9787,1389,9787
9788,523,9788
9789,1354,9789
9790,549,9790
9791,222,9791
9792,85,9792
9793,186,9793
9794,120,9794
9795,83,9795
9796,173,9796
9797,1245,9797
9798,55,9798
9799,727,9799
9800,1389,9800
9801,196,9801
9802,55,9802
9803,1105,9803
9804,661,9804
9805,343,9805
9806,83,9806
9807,1071,9807
9808,9,9808
9809,173,9809
9810,710,9810
9811,710,9811
9812,662,9812
9813,185,9813
9814,44,9814
9815,651,9815
9816,1238,9816
9817,1261,9817
9818,795,9818
9819,797,9819
9820,377,9820
9821,1085,9821
9822,181,9822
9823,83,9823
9824,857,9824
9825,1218,9825
9826,1218,9826
9827,1335,9827
9828,245,9828
9829,807,9829
9830,524,9830
9831,245,9831
9832,1246,9832
9833,662,9833
9834,1218,9834
9835,920,9835
9836,1391,9836
9837,83,9837
9838,8,9838
9839,457,9839
9840,524,9840
9841,189,9841
9842,1288,9842
9843,1288,9843
9844,493,9844
9845,377,9845
9846,680,9846
9847,1039,9847
9848,649,9848
9849,961,9849
9850,62,9850
9851,134,9851
9852,1255,9852
9853,523,9853
9854,469,9854
9855,796,9855
9856,222,9856
9857,1085,9857
9858,155,9858
9859,731,9859
9860,731,9860
9861,708,9861
9862,188,9862
9863,729,9863
9864,490,9864
9865,496,9865
9866,100,9866
9867,490,9867
9868,145,9868
9869,607,9869
9870,89,9870
9871,794,9871
9872,794,9872
9873,687,9873
9874,680,9874
9875,672,9875
9876,1206,9876
9877,182,9877
9878,871,9878
9879,662,9879
9880,957,9880
9881,955,9881
9882,85,9882
9883,523,9883
9884,555,9884
9885,844,9885
9886,189,9886
9887,492,9887
9888,100,9888
9889,695,9889
9890,148,9890
9891,859,9891
9892,1231,9892
9893,549,9893
9894,549,9894
9895,549,9895
9896,687,9896
9897,1373,9897
9898,1255,9898
9899,1255,9899
9900,244,9900
9901,555,9901
9902,600,9902
9903,216,9903
9904,214,9904
9905,523,9905
9906,241,9906
9907,859,9907
9908,798,9908
9909,1068,9909
9910,148,9910
9911,790,9911
9912,1248,9912
9913,312,9913
9914,1337,9914
9915,491,9915
9916,491,9916
9917,491,9917
9918,654,9918
9919,669,9919
9920,639,9920
9921,1021,9921
9922,1024,9922
9923,607,9923
9924,216,9924
9925,953,9925
9926,222,9926
9927,1394,9927
9928,685,9928
9929,1415,9929
9930,1415,9930
9931,686,9931
9932,1373,9932
9933,1375,9933
9934,1119,9934
9935,129,9935
9936,1108,9936
9937,1004,9937
9938,1004,9938
9939,1004,9939
9940,1004,9940
9941,2,9941
9942,790,9942
9943,312,9943
9944,168,9944
9945,595,9945
9946,796,9946
9947,1380,9947
9948,215,9948
9949,1346,9949
9950,1350,9950
9951,67,9951
9952,857,9952
9953,654,9953
9954,523,9954
9955,914,9955
9956,685,9956
9957,892,9957
9958,892,9958
9959,857,9959
9960,862,9960
9961,862,9961
9962,342,9962
9963,825,9963
9964,1288,9964
9965,282,9965
9966,799,9966
9967,654,9967
9968,799,9968
9969,799,9969
9970,651,9970
9971,1115,9971
9972,953,9972
9973,953,9973
9974,397,9974
9975,1239,9975
9976,600,9976
9977,188,9977
9978,27,9978
9979,845,9979
9980,371,9980
9981,857,9981
9982,857,9982
9983,161,9983
9984,27,9984
9985,27,9985
9986,279,9986
9987,279,9987
9988,6,9988
9989,8,9989
9990,914,9990
9991,837,9991
9992,796,9992
9993,682,9993
9994,818,9994
9995,1345,9995
9996,844,9996
9997,697,9997
9998,282,9998
9999,941,9999
10000,943,10000
10001,921,10001
10002,1239,10002
10003,1239,10003
10004,799,10004
10005,1336,10005
10006,279,10006
10007,1336,10007
10008,1039,10008
10009,1261,10009
10010,1377,10010
10011,857,10011
10012,934,10012
10013,934,10013
10014,1069,10014
10015,216,10015
10016,55,10016
10017,1391,10017
10018,1378,10018
10019,1239,10019
10020,1115,10020
10021,1345,10021
10022,683,10022
10023,1071,10023
10024,69,10024
10025,211,10025
10026,211,10026
10027,211,10027
10028,211,10028
10029,608,10029
10030,1391,10030
10031,1178,10031
10032,891,10032
10033,939,10033
10034,143,10034
10035,845,10035
10036,845,10036
10037,549,10037
10038,1261,10038
10039,208,10039
10040,89,10040
10041,89,10041
10042,89,10042
10043,793,10043
10044,1353,10044
10045,1378,10045
10046,155,10046
10047,893,10047
10048,411,10048
10049,46,10049
10050,312,10050
10051,799,10051
10052,71,10052
10053,1025,10053
10054,1277,10054
10055,930,10055
10056,478,10056
10057,251,10057
